episode,total_reward,hit_rate_pct,prefetch_accuracy_pct,total_prefetches,useful_prefetches,avg_measured_latency_ms,avg_baseline_latency_ms,total_measured_latency_ms,tier_L1,tier_L2,tier_L3,tier_MISS
1,-484.0420326605663,4.5,13.91,338,47,51.01,42.13,2550.75,0,18,325,57
2,-546.7952151291198,5.25,13.39,336,45,52.27,42.13,2613.57,0,21,322,57
3,-459.53826728990884,3.5,11.27,346,39,50.49,42.13,2524.39,0,14,329,57
4,-468.1855479196921,5.0,13.13,358,47,50.65,42.13,2532.26,0,20,323,57
5,-768.5955960427834,5.0,12.47,361,45,56.64,42.13,2832.08,0,20,323,57
6,-577.7894001041176,5.5,11.59,345,40,52.86,42.13,2642.88,0,22,321,57
7,-490.22502225569593,5.0,11.24,347,39,51.1,42.13,2554.95,0,20,323,57
8,-506.07772195494874,4.25,12.39,347,43,51.42,42.13,2571.2,0,17,326,57
9,-512.2523052253102,3.0,9.73,339,33,51.55,42.13,2577.43,0,12,331,57
10,-511.8570585400778,3.0,13.35,352,47,51.53,42.13,2576.72,0,12,331,57
11,-540.6452202570655,3.5,11.9,353,42,52.1,42.13,2604.88,0,14,329,57
12,-474.39954153128576,4.25,11.78,365,43,50.74,42.13,2537.16,0,17,326,57
13,-481.02043466831987,4.5,12.94,340,44,50.94,42.13,2547.16,0,18,325,57
14,-511.06813234224467,3.75,11.38,378,43,51.44,42.13,2572.12,0,15,328,57
15,-515.2540078671534,5.75,11.92,369,44,51.55,42.13,2577.59,0,23,320,57
16,-490.96104831055646,3.25,10.62,320,34,51.17,42.13,2558.73,0,13,330,57
17,-831.902890366069,3.25,13.65,359,49,57.92,42.13,2896.05,0,13,330,57
18,-809.557920312717,3.25,11.0,300,33,57.6,42.13,2879.86,0,13,330,57
19,-735.711097942722,3.75,12.75,345,44,56.02,42.13,2801.2,0,15,328,57
20,-584.1003120524693,4.25,12.2,369,45,52.93,42.13,2646.53,0,17,326,57
21,-545.5913790863281,4.25,11.21,339,38,52.23,42.13,2611.27,0,17,326,57
22,-755.9627614804721,3.5,10.67,356,38,56.39,42.13,2819.4,0,14,329,57
23,-788.5429301921552,6.0,14.16,339,48,57.1,42.13,2855.22,0,24,319,57
24,-811.255171102636,3.5,11.25,329,37,57.56,42.13,2878.15,0,14,329,57
25,-790.0870409105738,5.25,14.33,349,50,57.11,42.13,2855.65,0,21,322,57
26,-758.7841329266347,6.5,15.3,353,54,56.48,42.13,2824.22,0,26,317,57
27,-758.9011730259072,4.25,12.53,367,46,56.43,42.13,2821.7,0,17,326,57
28,-501.2834755120438,5.0,10.16,364,37,51.27,42.13,2563.57,0,20,323,57
29,-498.41422554480283,4.5,12.13,338,41,51.29,42.13,2564.52,0,18,325,57
30,-516.4392467264261,3.0,10.09,337,34,51.64,42.13,2581.98,0,12,331,57
31,-524.6158076875627,4.75,13.51,348,47,51.8,42.13,2590.01,0,19,324,57
32,-493.50297318342416,5.0,15.14,370,56,51.14,42.13,2556.9,0,20,323,57
33,-487.01025746989,5.25,11.5,339,39,51.06,42.13,2552.79,0,21,322,57
34,-511.22153659036815,5.5,11.17,376,42,51.45,42.13,2572.43,0,22,321,57
35,-593.1969975230264,5.0,13.64,352,48,53.16,42.13,2658.16,0,20,323,57
36,-772.1717156787531,5.75,13.8,355,49,56.74,42.13,2836.84,0,23,320,57
37,-484.86909810838745,5.0,12.53,359,45,50.97,42.13,2548.62,0,20,323,57
38,-521.3118488499091,3.5,9.01,355,32,51.69,42.13,2584.28,0,14,329,57
39,-495.8240272300252,5.25,15.41,370,57,51.19,42.13,2559.32,0,21,322,57
40,-490.20187087966633,4.0,13.02,361,47,51.08,42.13,2553.89,0,16,327,57
41,-884.3854753841578,4.0,16.52,351,58,59.01,42.13,2950.48,0,16,327,57
42,-474.00023950761687,3.75,11.08,361,40,50.74,42.13,2536.98,0,15,328,57
43,-684.1009723418717,4.0,12.26,359,44,54.95,42.13,2747.75,0,16,327,57
44,-830.1895750015805,3.75,11.82,330,39,57.94,42.13,2897.15,0,15,328,57
45,-552.1668542985932,3.75,11.83,355,42,52.32,42.13,2616.14,0,15,328,57
46,-613.2263243988527,4.75,13.49,341,46,53.59,42.13,2679.44,0,19,324,57
47,-776.0036659978554,3.75,12.72,338,43,56.85,42.13,2842.31,0,15,328,57
48,-811.5871163607949,5.0,12.22,360,44,57.5,42.13,2875.1,0,20,323,57
49,-795.215537202758,4.25,13.86,339,47,57.24,42.13,2861.79,0,17,326,57
50,-780.0640717462813,5.0,10.96,356,39,56.87,42.13,2843.61,0,20,323,57
51,-868.1053314984167,4.5,13.53,340,46,58.69,42.13,2934.45,0,18,325,57
52,-801.5362493299565,5.25,14.16,346,49,57.35,42.13,2867.39,0,21,322,57
53,-823.6631401636619,5.5,12.78,352,45,57.77,42.13,2888.33,0,22,321,57
54,-540.8563715130413,5.0,12.65,340,43,52.14,42.13,2606.9,0,20,323,57
55,-519.8964145680972,5.75,14.21,373,53,51.65,42.13,2582.6,0,23,320,57
56,-515.7765692875357,4.75,13.33,345,46,51.63,42.13,2581.46,0,19,324,57
57,-512.1415499271268,5.25,13.06,360,47,51.52,42.13,2575.96,0,21,322,57
58,-531.2310194460068,6.5,14.48,359,52,51.91,42.13,2595.68,0,26,317,57
59,-525.351933669743,4.75,12.93,348,45,51.81,42.13,2590.54,0,19,324,57
60,-483.8178469300789,5.0,14.24,344,49,51.0,42.13,2549.94,0,20,323,57
61,-538.6826808315338,5.25,11.88,345,41,52.08,42.13,2603.87,0,21,322,57
62,-533.05096051931,3.75,10.74,363,39,51.91,42.13,2595.67,0,15,328,57
63,-474.4184769806875,3.75,11.63,361,42,50.75,42.13,2537.6,0,15,328,57
64,-504.4796873199248,6.25,14.47,380,55,51.33,42.13,2566.47,0,25,318,57
65,-538.6846194767718,5.0,12.81,359,46,52.05,42.13,2602.53,0,20,323,57
66,-755.9264516485543,5.0,12.88,365,47,56.38,42.13,2819.08,0,20,323,57
67,-772.987016335618,3.0,11.48,357,41,56.73,42.13,2836.6,0,12,331,57
68,-839.7618919702575,2.75,9.79,378,37,58.0,42.13,2900.21,0,11,332,57
69,-794.064788575998,4.5,12.33,365,45,57.14,42.13,2857.02,0,18,325,57
70,-810.5887899011794,4.0,10.53,342,36,57.51,42.13,2875.67,0,16,327,57
71,-766.9605725505173,5.0,12.93,348,45,56.64,42.13,2832.15,0,20,323,57
72,-808.3835489191732,5.75,12.43,346,43,57.47,42.13,2873.64,0,23,320,57
73,-812.7817771160516,4.5,12.71,362,46,57.52,42.13,2876.23,0,18,325,57
74,-522.0567469651453,5.0,12.27,383,47,51.66,42.13,2582.85,0,20,323,57
75,-475.63626670626445,6.0,14.21,359,51,50.8,42.13,2539.98,0,24,319,57
76,-508.7235860378462,4.0,11.93,352,42,51.46,42.13,2573.09,0,16,327,57
77,-517.2194903024453,5.0,13.64,352,48,51.64,42.13,2582.19,0,20,323,57
78,-766.0882405710928,2.5,10.19,363,37,56.57,42.13,2828.51,0,10,333,57
79,-828.376968446127,4.5,13.37,359,48,57.85,42.13,2892.42,0,18,325,57
80,-828.3251344589008,3.75,11.36,361,41,57.83,42.13,2891.41,0,15,328,57
81,-870.4866328477788,4.75,12.95,332,43,58.75,42.13,2937.58,0,19,324,57
82,-804.8962465399712,4.0,12.23,368,45,57.35,42.13,2867.46,0,16,327,57
83,-838.8369649809815,5.0,12.18,353,43,58.06,42.13,2903.17,0,20,323,57
84,-808.6703254980753,5.0,12.26,367,45,57.43,42.13,2871.37,0,20,323,57
85,-854.8747389005136,3.75,12.09,364,44,58.36,42.13,2917.86,0,15,328,57
86,-829.0558450796622,4.25,13.64,352,48,57.88,42.13,2894.02,0,17,326,57
87,-811.1949641013354,4.0,12.77,368,47,57.48,42.13,2873.96,0,16,327,57
88,-832.1000395466701,4.0,11.55,355,41,57.92,42.13,2895.97,0,16,327,57
89,-835.4165508133487,3.25,12.39,355,44,57.99,42.13,2899.59,0,13,330,57
90,-870.2876735234568,3.75,12.16,370,45,58.65,42.13,2932.59,0,15,328,57
91,-873.8597551679812,4.75,13.32,383,51,58.7,42.13,2935.05,0,19,324,57
92,-783.0470692163415,5.0,13.67,373,51,56.91,42.13,2845.55,0,20,323,57
93,-810.6366604806593,4.5,13.39,366,49,57.48,42.13,2873.86,0,18,325,57
94,-569.2477985409806,4.75,10.63,367,39,52.63,42.13,2631.34,0,19,324,57
95,-522.5335870188052,4.0,10.88,340,37,51.76,42.13,2587.98,0,16,327,57
96,-585.4283504368966,5.25,14.63,376,55,52.96,42.13,2647.94,0,21,322,57
97,-547.2485165731227,4.25,11.8,356,42,52.22,42.13,2611.09,0,17,326,57
98,-571.5579615737003,5.25,13.28,384,51,52.65,42.13,2632.62,0,21,322,57
99,-565.2025968761262,4.0,13.28,354,47,52.6,42.13,2629.81,0,16,327,57
100,-512.5357049113024,5.0,13.28,369,49,51.51,42.13,2575.37,0,20,323,57
101,-764.3013891437465,4.75,13.06,360,47,56.56,42.13,2828.12,0,19,324,57
102,-856.2204913524304,4.75,13.37,359,48,58.41,42.13,2920.27,0,19,324,57
103,-767.5357228880141,3.5,10.58,359,38,56.61,42.13,2830.58,0,14,329,57
104,-764.7483153917512,4.5,12.72,346,44,56.6,42.13,2830.1,0,18,325,57
105,-864.237310095948,4.5,9.48,348,33,58.56,42.13,2928.23,0,18,325,57
106,-839.544774422528,5.0,12.39,355,44,58.07,42.13,2903.72,0,20,323,57
107,-826.2955331654761,5.0,14.36,362,52,57.81,42.13,2890.35,0,20,323,57
108,-857.717670740298,3.75,12.36,356,44,58.44,42.13,2921.76,0,15,328,57
109,-880.5259758985773,2.5,10.69,318,34,58.97,42.13,2948.56,0,10,333,57
110,-769.781177820327,3.75,12.72,346,44,56.7,42.13,2835.14,0,15,328,57
111,-849.5272983148426,4.25,12.2,328,40,58.34,42.13,2916.85,0,17,326,57
112,-814.906241146179,5.25,12.03,349,42,57.59,42.13,2879.67,0,21,322,57
113,-838.2240936015565,4.75,12.61,349,44,58.06,42.13,2903.19,0,19,324,57
114,-793.6590742990008,4.5,13.19,326,43,57.23,42.13,2861.54,0,18,325,57
115,-809.5007784397617,4.5,12.01,358,43,57.46,42.13,2873.18,0,18,325,57
116,-819.864572146229,4.25,11.24,347,39,57.69,42.13,2884.59,0,17,326,57
117,-590.0670404764121,5.25,13.3,376,50,53.04,42.13,2652.08,0,21,322,57
118,-546.9447196287624,3.75,11.85,363,43,52.2,42.13,2609.97,0,15,328,57
119,-766.7116672033084,6.0,14.56,364,53,56.61,42.13,2830.6,0,24,319,57
120,-816.9154843075185,5.5,14.29,371,53,57.6,42.13,2879.88,0,22,321,57
121,-809.7842513756859,5.0,13.71,372,51,57.45,42.13,2872.42,0,20,323,57
122,-860.506817006411,4.75,11.36,352,40,58.49,42.13,2924.67,0,19,324,57
123,-785.2325482628971,4.25,12.5,328,41,57.05,42.13,2852.65,0,17,326,57
124,-507.3370500380108,3.5,12.97,370,48,51.4,42.13,2569.94,0,14,329,57
125,-535.6280502178048,4.25,11.5,339,39,52.03,42.13,2601.4,0,17,326,57
126,-508.9496097146126,5.5,14.4,382,55,51.41,42.13,2570.67,0,22,321,57
127,-529.6375224313635,5.5,12.85,389,50,51.8,42.13,2589.94,0,22,321,57
128,-510.1464894761017,4.0,13.01,346,45,51.51,42.13,2575.6,0,16,327,57
129,-545.1984570471456,5.75,12.47,369,46,52.15,42.13,2607.73,0,23,320,57
130,-846.222509959966,5.0,14.03,385,54,58.15,42.13,2907.45,0,20,323,57
131,-853.6579310167559,4.75,13.81,333,46,58.42,42.13,2920.92,0,19,324,57
132,-798.2193947219271,4.5,14.2,352,50,57.27,42.13,2863.39,0,18,325,57
133,-845.8636144787887,3.75,12.86,350,45,58.22,42.13,2910.79,0,15,328,57
134,-838.3322759729151,5.0,13.86,339,47,58.1,42.13,2904.91,0,20,323,57
135,-844.3862293977661,4.5,12.61,341,43,58.21,42.13,2910.3,0,18,325,57
136,-830.7910919484123,4.75,14.37,341,49,57.95,42.13,2897.3,0,19,324,57
137,-596.23426544423,4.5,12.74,369,47,53.18,42.13,2658.87,0,18,325,57
138,-844.3380487891143,4.75,10.64,376,40,58.11,42.13,2905.35,0,19,324,57
139,-836.932484247259,4.25,11.33,353,40,58.02,42.13,2900.97,0,17,326,57
140,-852.8328030588334,5.0,13.3,376,50,58.3,42.13,2914.84,0,20,323,57
141,-822.7611766323965,5.75,13.37,344,46,57.77,42.13,2888.58,0,23,320,57
142,-847.8269362544526,5.0,12.2,369,45,58.21,42.13,2910.26,0,20,323,57
143,-705.0948808607478,3.5,9.74,349,34,55.38,42.13,2769.06,0,14,329,57
144,-853.2421264067418,4.25,13.1,336,44,58.4,42.13,2919.91,0,17,326,57
145,-782.0963572469668,7.25,15.21,355,54,56.95,42.13,2847.27,0,29,314,57
146,-839.2018800528556,3.5,12.5,368,46,58.04,42.13,2901.87,0,14,329,57
147,-566.0505944436694,5.5,13.79,377,52,52.56,42.13,2628.13,0,22,321,57
148,-594.6171087151082,4.25,12.6,365,46,53.15,42.13,2657.68,0,17,326,57
149,-533.9608060837802,3.5,10.73,354,38,51.95,42.13,2597.66,0,14,329,57
150,-546.5098434640963,3.75,12.34,389,48,52.13,42.13,2606.61,0,15,328,57
151,-543.5826067169719,5.0,13.5,363,49,52.14,42.13,2607.2,0,20,323,57
152,-533.2025578772731,5.0,13.4,373,50,51.91,42.13,2595.61,0,20,323,57
153,-509.7920839239283,4.5,11.73,341,40,51.51,42.13,2575.41,0,18,325,57
154,-774.8933098977514,3.75,10.46,373,39,56.72,42.13,2836.2,0,15,328,57
155,-764.4854916130812,6.25,14.79,365,54,56.57,42.13,2828.34,0,25,318,57
156,-856.3090167720438,5.25,13.91,345,48,58.44,42.13,2922.2,0,21,322,57
157,-801.4128091067103,4.75,14.07,334,47,57.37,42.13,2868.65,0,19,324,57
158,-893.040049305331,4.0,11.29,363,41,59.12,42.13,2955.86,0,16,327,57
159,-852.7999353448059,5.0,13.37,374,50,58.3,42.13,2915.07,0,20,323,57
160,-842.3223625902752,4.0,12.39,347,43,58.15,42.13,2907.45,0,16,327,57
161,-806.675593069684,5.5,12.61,357,45,57.41,42.13,2870.69,0,22,321,57
162,-858.8642969225759,3.5,11.76,357,42,58.45,42.13,2922.57,0,14,329,57
163,-866.9670050913501,2.75,11.02,372,41,58.57,42.13,2928.6,0,11,332,57
164,-769.5482673094982,3.75,11.67,360,42,56.66,42.13,2832.86,0,15,328,57
165,-506.69044748025385,4.5,13.02,338,44,51.46,42.13,2573.1,0,18,325,57
166,-499.8620858738526,4.75,13.23,378,50,51.23,42.13,2561.61,0,19,324,57
167,-504.94894256009786,5.75,13.54,362,49,51.37,42.13,2568.7,0,23,320,57
168,-568.9069429034498,4.25,11.23,374,42,52.61,42.13,2630.38,0,17,326,57
169,-515.0871835508856,5.5,13.81,362,50,51.58,42.13,2578.94,0,22,321,57
170,-515.1637567935003,4.5,13.3,361,48,51.58,42.13,2578.95,0,18,325,57
171,-773.2826058184318,5.0,13.5,363,49,56.74,42.13,2836.9,0,20,323,57
172,-851.9634894777952,3.75,11.4,351,40,58.33,42.13,2916.26,0,15,328,57
173,-833.1319733672855,4.25,12.71,354,45,57.95,42.13,2897.54,0,17,326,57
174,-802.0131866426187,4.25,13.64,352,48,57.34,42.13,2866.98,0,17,326,57
175,-867.5902554971688,3.75,11.29,363,41,58.61,42.13,2930.41,0,15,328,57
176,-833.8725497898773,4.0,13.24,355,47,57.97,42.13,2898.35,0,16,327,57
177,-850.3001721664073,4.0,11.95,385,46,58.21,42.13,2910.73,0,16,327,57
178,-841.7235400988756,4.25,11.51,391,45,58.03,42.13,2901.26,0,17,326,57
179,-843.7395337389224,4.25,12.5,360,45,58.15,42.13,2907.35,0,17,326,57
180,-821.380372754267,5.75,14.25,365,52,57.7,42.13,2885.04,0,23,320,57
181,-862.0691749906052,3.75,11.92,369,44,58.49,42.13,2924.4,0,15,328,57
182,-875.9273928714015,5.0,12.18,353,43,58.81,42.13,2940.26,0,20,323,57
183,-853.6793636711642,3.75,12.7,378,48,58.3,42.13,2915.23,0,15,328,57
184,-824.1677076546458,4.75,12.4,371,46,57.73,42.13,2886.44,0,19,324,57
185,-817.5675145270237,4.25,13.78,370,51,57.61,42.13,2880.47,0,17,326,57
186,-833.4745044891949,4.5,12.04,357,43,57.95,42.13,2897.28,0,18,325,57
187,-895.4393505623351,5.5,11.44,367,42,59.16,42.13,2957.83,0,22,321,57
188,-788.5975151258212,4.0,12.5,384,48,56.99,42.13,2849.36,0,16,327,57
189,-818.6684442651193,6.0,14.7,347,51,57.69,42.13,2884.59,0,24,319,57
190,-861.8452636913869,5.0,13.26,362,48,58.51,42.13,2925.5,0,20,323,57
191,-847.6834346545155,4.75,12.89,357,46,58.24,42.13,2911.79,0,19,324,57
192,-840.8894508877114,4.0,11.17,358,40,58.09,42.13,2904.27,0,16,327,57
193,-832.1016626929946,5.0,12.87,373,48,57.89,42.13,2894.31,0,20,323,57
194,-844.1807170681781,4.0,12.5,336,42,58.21,42.13,2910.65,0,16,327,57
195,-883.2936144345912,4.5,12.71,362,46,58.93,42.13,2946.75,0,18,325,57
196,-831.6477040619078,5.0,13.16,342,45,57.95,42.13,2897.63,0,20,323,57
197,-788.7538973563528,5.0,13.2,356,47,57.06,42.13,2853.1,0,20,323,57
198,-733.8673907952514,5.0,14.44,374,54,55.93,42.13,2796.54,0,20,323,57
199,-550.0479163825637,4.75,12.8,336,43,52.33,42.13,2616.62,0,19,324,57
200,-876.178555828027,4.5,11.82,347,41,58.82,42.13,2941.1,0,18,325,57
201,-874.2853472326913,3.75,11.61,353,41,58.77,42.13,2938.42,0,15,328,57
202,-859.3209825896147,3.25,11.4,342,39,58.49,42.13,2924.7,0,13,330,57
203,-813.5958311481188,4.75,13.08,367,48,57.53,42.13,2876.59,0,19,324,57
204,-590.830006970635,4.75,12.23,368,45,53.07,42.13,2653.39,0,19,324,57
205,-537.554565631082,6.0,14.21,380,54,51.99,42.13,2599.44,0,24,319,57
206,-775.5108300225301,3.75,11.91,361,43,56.78,42.13,2838.79,0,15,328,57
207,-852.0323826132523,5.25,13.07,375,49,58.28,42.13,2914.08,0,21,322,57
208,-848.2434220327048,4.75,12.13,371,45,58.21,42.13,2910.41,0,19,324,57
209,-763.7972101122659,3.5,13.08,344,45,56.59,42.13,2829.52,0,14,329,57
210,-550.1506075104288,4.0,10.74,363,39,52.26,42.13,2612.77,0,16,327,57
211,-536.4875731853555,6.25,16.08,367,59,52.01,42.13,2600.58,0,25,318,57
212,-544.7329927868775,5.25,13.19,326,43,52.25,42.13,2612.62,0,21,322,57
213,-548.101849172444,4.25,11.89,370,44,52.21,42.13,2610.3,0,17,326,57
214,-556.0834942890708,6.5,13.19,379,50,52.35,42.13,2617.7,0,26,317,57
215,-680.4285608845651,4.0,10.82,388,42,54.8,42.13,2740.06,0,16,327,57
216,-779.9890628638171,4.75,13.42,380,51,56.83,42.13,2841.58,0,19,324,57
217,-591.9722677649274,4.25,12.01,358,43,53.11,42.13,2655.65,0,17,326,57
218,-766.3207659126043,5.25,13.22,348,46,56.63,42.13,2831.61,0,21,322,57
219,-875.6790322375022,4.25,12.54,343,43,58.83,42.13,2941.33,0,17,326,57
220,-838.4828879629488,4.75,11.76,357,42,58.04,42.13,2902.19,0,19,324,57
221,-528.7784848002503,5.0,13.35,367,49,51.84,42.13,2591.87,0,20,323,57
222,-530.2479600898124,6.0,15.01,393,59,51.82,42.13,2590.93,0,24,319,57
223,-516.5572116261429,4.25,12.6,373,47,51.57,42.13,2578.66,0,17,326,57
224,-536.9532218047497,3.5,11.86,354,42,52.02,42.13,2601.06,0,14,329,57
225,-521.3581721173632,4.75,12.37,372,46,51.67,42.13,2583.5,0,19,324,57
226,-735.7033369899905,5.25,13.2,356,47,56.0,42.13,2800.04,0,21,322,57
227,-855.6703390231635,4.25,11.67,377,44,58.34,42.13,2916.95,0,17,326,57
228,-815.0287659404881,5.0,12.87,373,48,57.54,42.13,2877.24,0,20,323,57
229,-807.4393642226562,5.0,13.76,378,52,57.39,42.13,2869.39,0,20,323,57
230,-855.351044008972,5.0,10.23,352,36,58.38,42.13,2919.12,0,20,323,57
231,-766.5901128089333,4.5,14.06,377,53,56.58,42.13,2828.77,0,18,325,57
232,-515.3876885825064,5.25,13.45,357,48,51.59,42.13,2579.7,0,21,322,57
233,-544.1778600771942,3.0,9.07,353,32,52.15,42.13,2607.41,0,12,331,57
234,-524.6998518048428,5.5,13.84,383,53,51.72,42.13,2586.09,0,22,321,57
235,-573.7052689777523,5.0,14.95,368,55,52.75,42.13,2637.27,0,20,323,57
236,-546.5450015103969,4.25,12.57,382,48,52.15,42.13,2607.57,0,17,326,57
237,-537.6709569900037,6.25,14.03,385,54,51.98,42.13,2598.9,0,25,318,57
238,-518.664212211004,3.5,11.51,365,42,51.63,42.13,2581.32,0,14,329,57
239,-561.3427670316213,4.25,12.5,360,45,52.5,42.13,2624.96,0,17,326,57
240,-506.3255646754821,3.75,12.61,349,44,51.43,42.13,2571.29,0,15,328,57
241,-533.0941821860476,6.75,13.49,378,51,51.9,42.13,2594.94,0,27,316,57
242,-880.1273193029474,5.5,13.9,367,51,58.87,42.13,2943.42,0,22,321,57
243,-883.6543101089403,5.5,13.76,378,52,58.91,42.13,2945.6,0,22,321,57
244,-551.2044914646746,5.25,12.73,385,49,52.24,42.13,2611.93,0,21,322,57
245,-530.0468684909554,5.25,12.88,365,47,51.86,42.13,2593.2,0,21,322,57
246,-804.3784966899262,5.0,13.07,375,49,57.33,42.13,2866.42,0,20,323,57
247,-760.487677458873,5.75,12.03,374,45,56.45,42.13,2822.26,0,23,320,57
248,-842.9555075315446,4.0,12.33,365,45,58.12,42.13,2905.91,0,16,327,57
249,-859.7849220296351,5.0,11.86,371,44,58.44,42.13,2921.85,0,20,323,57
250,-838.8404026826532,4.5,12.6,365,46,58.04,42.13,2901.9,0,18,325,57
251,-831.7459723738642,4.5,12.6,365,46,57.9,42.13,2894.8,0,18,325,57
252,-808.8846637943694,5.5,14.59,370,54,57.44,42.13,2872.09,0,22,321,57
253,-504.1146158084792,5.0,13.66,344,47,51.4,42.13,2570.03,0,20,323,57
254,-844.394156408063,4.5,13.65,359,49,58.17,42.13,2908.54,0,18,325,57
255,-850.8133778436289,4.5,12.27,375,46,58.25,42.13,2912.56,0,18,325,57
256,-877.5289786578924,4.0,13.32,368,49,58.81,42.13,2940.49,0,16,327,57
257,-848.1584978124405,5.5,12.47,377,47,58.19,42.13,2909.74,0,22,321,57
258,-830.7922720836115,4.0,13.74,364,50,57.89,42.13,2894.38,0,16,327,57
259,-827.3157320020409,4.5,13.7,365,50,57.82,42.13,2890.77,0,18,325,57
260,-781.3455494245006,3.75,12.47,361,45,56.9,42.13,2844.83,0,15,328,57
261,-904.1819062960856,3.75,12.67,363,46,59.35,42.13,2967.5,0,15,328,57
262,-780.5353821453177,5.25,12.54,343,43,56.92,42.13,2846.19,0,21,322,57
263,-529.2140082673936,4.75,13.04,368,48,51.84,42.13,2592.08,0,19,324,57
264,-508.5343851360331,6.0,14.47,387,56,51.39,42.13,2569.7,0,24,319,57
265,-526.1035652662318,4.0,11.98,384,46,51.73,42.13,2586.66,0,16,327,57
266,-524.2815289829495,4.75,13.04,345,45,51.8,42.13,2589.87,0,19,324,57
267,-520.7335814723187,4.25,13.61,360,49,51.69,42.13,2584.75,0,17,326,57
268,-550.2810278414194,3.25,11.35,379,43,52.22,42.13,2611.2,0,13,330,57
269,-526.8737281991349,4.5,13.07,375,49,51.78,42.13,2588.92,0,18,325,57
270,-852.3991444637294,4.25,11.48,357,41,58.32,42.13,2916.01,0,17,326,57
271,-619.5089673331482,5.0,12.34,381,47,53.61,42.13,2680.56,0,20,323,57
272,-531.4753549890576,5.25,13.75,371,51,51.88,42.13,2594.24,0,21,322,57
273,-819.7789934462804,5.25,14.4,389,56,57.61,42.13,2880.68,0,21,322,57
274,-810.245478966943,4.0,13.76,356,49,57.5,42.13,2874.79,0,16,327,57
275,-813.1644885738607,3.0,10.92,357,39,57.53,42.13,2876.57,0,12,331,57
276,-834.5892506262566,4.0,9.81,377,37,57.9,42.13,2895.17,0,16,327,57
277,-531.6587572203097,5.25,13.28,354,47,51.93,42.13,2596.26,0,21,322,57
278,-552.4416249057164,4.5,12.47,369,46,52.3,42.13,2614.97,0,18,325,57
279,-502.8639644113153,5.25,14.08,348,49,51.37,42.13,2568.46,0,21,322,57
280,-535.243215683243,5.5,10.77,362,39,51.96,42.13,2598.0,0,22,321,57
281,-546.007387507401,4.75,13.83,347,48,52.23,42.13,2611.63,0,19,324,57
282,-551.2402034905965,3.5,11.76,357,42,52.3,42.13,2614.95,0,14,329,57
283,-513.5676588060957,5.25,13.28,384,51,51.49,42.13,2574.63,0,21,322,57
284,-516.610745412291,5.0,14.05,370,52,51.59,42.13,2579.61,0,20,323,57
285,-548.8539809973943,3.25,10.22,372,38,52.2,42.13,2610.19,0,13,330,57
286,-545.2073323650563,3.75,11.41,377,43,52.13,42.13,2606.39,0,15,328,57
287,-533.3705586516082,4.0,12.93,348,45,51.97,42.13,2598.56,0,16,327,57
288,-518.8965104548342,3.75,11.8,373,44,51.61,42.13,2580.7,0,15,328,57
289,-554.0192890016297,4.5,13.51,370,50,52.34,42.13,2616.82,0,18,325,57
290,-527.2443878861471,5.5,14.55,378,55,51.79,42.13,2589.49,0,22,321,57
291,-508.7586791926831,5.25,12.5,368,46,51.43,42.13,2571.42,0,21,322,57
292,-527.09690498535,5.25,13.45,357,48,51.83,42.13,2591.41,0,21,322,57
293,-832.7083371529093,6.0,15.57,366,57,57.93,42.13,2896.73,0,24,319,57
294,-784.6735810508443,3.25,11.91,361,43,56.96,42.13,2847.96,0,13,330,57
295,-861.9323322617823,3.5,10.0,360,36,58.49,42.13,2924.65,0,14,329,57
296,-844.9142577319343,4.5,12.6,389,49,58.1,42.13,2905.12,0,18,325,57
297,-594.0944213805507,4.0,11.99,367,44,53.13,42.13,2656.69,0,16,327,57
298,-508.44660291683823,4.0,12.57,358,45,51.45,42.13,2572.32,0,16,327,57
299,-530.6293693369139,3.5,12.47,369,46,51.86,42.13,2593.16,0,14,329,57
300,-521.6584503458452,4.0,12.91,364,47,51.7,42.13,2584.95,0,16,327,57
301,-498.64113681554915,5.5,14.01,364,51,51.25,42.13,2562.33,0,22,321,57
302,-520.5534597037049,4.0,12.33,365,45,51.67,42.13,2583.51,0,16,327,57
303,-512.6530150503389,4.5,12.54,343,43,51.57,42.13,2578.3,0,18,325,57
304,-495.89199847213627,4.25,12.93,348,45,51.22,42.13,2561.08,0,17,326,57
305,-500.9873707337878,5.5,14.36,383,55,51.25,42.13,2562.58,0,22,321,57
306,-550.318248436706,4.5,14.65,355,52,52.31,42.13,2615.29,0,18,325,57
307,-514.4282254540342,3.75,11.93,352,42,51.58,42.13,2578.8,0,15,328,57
308,-524.6435364873719,5.25,12.64,364,46,51.76,42.13,2587.83,0,21,322,57
309,-823.3962162111424,3.5,11.08,343,38,57.77,42.13,2888.55,0,14,329,57
310,-819.3216671010757,6.25,14.06,377,53,57.63,42.13,2881.5,0,25,318,57
311,-818.4282801413842,5.75,13.24,370,49,57.62,42.13,2881.13,0,23,320,57
312,-835.9870125206514,3.75,12.17,378,46,57.95,42.13,2897.34,0,15,328,57
313,-851.8184384318495,5.25,13.95,380,53,58.27,42.13,2913.6,0,21,322,57
314,-528.3335252610754,5.0,14.17,367,52,51.83,42.13,2591.73,0,20,323,57
315,-768.0463623700647,4.75,13.21,371,49,56.61,42.13,2830.62,0,19,324,57
316,-841.4874052921932,4.75,12.24,384,47,58.04,42.13,2902.15,0,19,324,57
317,-533.6372435983985,5.0,12.07,348,42,51.97,42.13,2598.53,0,20,323,57
318,-513.5630496695528,5.0,12.29,407,50,51.43,42.13,2571.5,0,20,323,57
319,-549.5020463125911,3.75,11.23,374,42,52.22,42.13,2610.98,0,15,328,57
320,-547.8105095950378,4.75,12.74,361,46,52.23,42.13,2611.39,0,19,324,57
321,-512.5677840681042,4.0,14.01,357,50,51.54,42.13,2577.08,0,16,327,57
322,-546.6893256882927,3.0,11.4,386,44,52.14,42.13,2606.79,0,12,331,57
323,-530.1811019701375,4.0,10.8,361,39,51.86,42.13,2593.07,0,16,327,57
324,-706.3084020980025,3.5,12.06,340,41,55.44,42.13,2772.15,0,14,329,57
325,-796.5782344857165,4.25,11.08,370,41,57.17,42.13,2858.48,0,17,326,57
326,-859.4993571771489,6.5,15.73,375,59,58.45,42.13,2922.54,0,26,317,57
327,-794.7735654534903,5.5,14.17,374,53,57.15,42.13,2857.35,0,22,321,57
328,-850.6971086581857,3.75,12.05,365,44,58.27,42.13,2913.56,0,15,328,57
329,-844.6580416363399,5.5,14.41,347,50,58.21,42.13,2910.48,0,22,321,57
330,-890.1233790241504,4.25,12.65,340,43,59.12,42.13,2956.17,0,17,326,57
331,-757.6954916709084,4.0,11.08,352,39,56.44,42.13,2821.76,0,16,327,57
332,-862.4676302821848,4.75,12.98,362,47,58.52,42.13,2926.02,0,19,324,57
333,-529.2136730359163,5.5,13.73,357,49,51.87,42.13,2593.62,0,22,321,57
334,-512.01863424194,5.0,13.69,358,49,51.53,42.13,2576.3,0,20,323,57
335,-518.2458634601201,2.75,11.76,357,42,51.64,42.13,2581.96,0,11,332,57
336,-538.5132180752561,4.5,13.49,378,51,52.01,42.13,2600.36,0,18,325,57
337,-524.9177019047046,4.5,12.37,380,47,51.72,42.13,2586.1,0,18,325,57
338,-599.2647087794808,4.0,12.99,354,46,53.28,42.13,2663.77,0,16,327,57
339,-787.714479858201,5.25,14.05,363,51,57.03,42.13,2851.54,0,21,322,57
340,-665.3897872448584,3.25,13.01,346,45,54.62,42.13,2730.85,0,13,330,57
341,-548.5110444913113,4.5,12.89,380,49,52.2,42.13,2609.9,0,18,325,57
342,-534.3808223074187,4.75,11.65,369,43,51.93,42.13,2596.61,0,19,324,57
343,-537.943206501981,5.0,13.16,380,50,51.99,42.13,2599.43,0,20,323,57
344,-522.2192743868744,3.75,12.08,356,43,51.72,42.13,2586.16,0,15,328,57
345,-557.576832483918,5.25,11.97,376,45,52.38,42.13,2619.09,0,21,322,57
346,-826.9734868534133,5.0,15.38,338,52,57.88,42.13,2894.18,0,20,323,57
347,-835.1168333251892,2.5,11.11,351,39,57.99,42.13,2899.32,0,10,333,57
348,-877.6066819206399,5.0,13.08,344,45,58.87,42.13,2943.33,0,20,323,57
349,-832.2272217145074,4.0,12.2,369,45,57.89,42.13,2894.66,0,16,327,57
350,-838.7837830492473,5.0,11.52,356,41,58.05,42.13,2902.52,0,20,323,57
351,-825.5146354900115,5.0,12.5,360,45,57.78,42.13,2889.13,0,20,323,57
352,-779.5554326054964,5.75,16.16,359,58,56.89,42.13,2844.6,0,23,320,57
353,-788.0657331589391,4.25,12.16,329,40,57.11,42.13,2855.26,0,17,326,57
354,-532.4322220788171,3.25,12.03,349,42,51.94,42.13,2597.19,0,13,330,57
355,-517.4454612290274,4.75,13.9,367,51,51.61,42.13,2580.74,0,19,324,57
356,-531.7784845789681,3.75,13.08,367,48,51.9,42.13,2594.77,0,15,328,57
357,-539.9860097170395,3.0,11.63,344,40,52.1,42.13,2605.2,0,12,331,57
358,-510.2510499138363,4.5,12.01,333,40,51.54,42.13,2576.92,0,18,325,57
359,-544.9209202507346,4.25,12.77,368,47,52.15,42.13,2607.68,0,17,326,57
360,-516.1578294088163,6.0,13.6,353,48,51.62,42.13,2580.99,0,24,319,57
361,-538.5066328601158,4.0,12.64,356,45,52.05,42.13,2602.65,0,16,327,57
362,-540.9759835057184,4.25,10.95,338,37,52.13,42.13,2606.68,0,17,326,57
363,-524.4525313788763,3.5,10.38,366,38,51.73,42.13,2586.58,0,14,329,57
364,-562.6168830955139,5.0,11.75,366,43,52.5,42.13,2625.24,0,20,323,57
365,-524.3436012411129,4.75,11.54,364,42,51.74,42.13,2587.13,0,19,324,57
366,-533.0250619891862,4.25,13.33,330,44,52.01,42.13,2600.48,0,17,326,57
367,-507.77265052521255,5.0,12.3,382,47,51.37,42.13,2568.7,0,20,323,57
368,-541.3550728248613,4.75,12.8,375,48,52.07,42.13,2603.3,0,19,324,57
369,-488.855098579518,5.5,14.7,347,51,51.1,42.13,2554.78,0,22,321,57
370,-504.7821188957608,3.75,12.36,356,44,51.38,42.13,2568.82,0,15,328,57
371,-517.7914243681537,5.0,12.8,375,48,51.59,42.13,2579.73,0,20,323,57
372,-742.5311552074178,4.5,11.73,341,40,56.16,42.13,2808.14,0,18,325,57
373,-840.6546891064265,3.75,13.14,350,46,58.11,42.13,2905.68,0,15,328,57
374,-846.2426687217057,5.0,12.99,385,50,58.14,42.13,2907.07,0,20,323,57
375,-849.2522227597256,4.5,12.89,349,45,58.29,42.13,2914.31,0,18,325,57
376,-534.2279164804818,5.0,13.25,385,51,51.9,42.13,2595.16,0,20,323,57
377,-594.1690731711909,4.0,11.24,338,38,53.2,42.13,2659.98,0,16,327,57
378,-806.980688050162,5.25,12.95,363,47,57.41,42.13,2870.4,0,21,322,57
379,-802.0684239328917,5.0,12.43,354,44,57.33,42.13,2866.37,0,20,323,57
380,-525.1871622921932,4.75,12.1,372,45,51.74,42.13,2587.23,0,19,324,57
381,-549.6868199185548,4.0,11.3,354,40,52.27,42.13,2613.59,0,16,327,57
382,-504.8266870630987,4.5,13.14,373,49,51.34,42.13,2567.13,0,18,325,57
383,-829.0766161621922,4.5,11.11,360,40,57.84,42.13,2892.19,0,18,325,57
384,-525.494437386574,5.25,12.96,355,46,51.8,42.13,2589.87,0,21,322,57
385,-536.4942903386118,5.75,12.33,365,45,51.99,42.13,2599.45,0,23,320,57
386,-530.571663861117,3.0,11.05,362,40,51.87,42.13,2593.42,0,12,331,57
387,-534.4694549981679,3.75,12.46,337,42,52.02,42.13,2600.81,0,15,328,57
388,-559.3359871642401,4.75,14.21,366,52,52.46,42.13,2622.86,0,19,324,57
389,-520.984557927898,5.0,13.09,359,47,51.7,42.13,2584.93,0,20,323,57
390,-525.2662907487748,4.75,12.28,391,48,51.7,42.13,2585.11,0,19,324,57
391,-525.2049540255787,4.0,11.88,345,41,51.81,42.13,2590.39,0,16,327,57
392,-516.0791378041959,3.75,11.44,376,43,51.55,42.13,2577.39,0,15,328,57
393,-526.8187341225756,3.75,11.91,361,43,51.8,42.13,2590.1,0,15,328,57
394,-527.4543820013715,4.75,11.36,361,41,51.81,42.13,2590.54,0,19,324,57
395,-515.6205253616051,4.0,13.43,335,45,51.65,42.13,2582.52,0,16,327,57
396,-532.655310217804,4.5,12.71,362,46,51.92,42.13,2596.11,0,18,325,57
397,-535.4857066103533,4.75,13.13,358,47,51.99,42.13,2599.56,0,19,324,57
398,-526.1902293020695,4.25,12.77,368,47,51.78,42.13,2588.95,0,17,326,57
399,-505.0420679861417,4.25,10.38,366,38,51.34,42.13,2567.17,0,17,326,57
400,-534.4259708450746,4.0,10.99,364,40,51.94,42.13,2597.02,0,16,327,57
401,-565.3266872005668,4.5,11.76,374,44,52.54,42.13,2627.0,0,18,325,57
402,-492.4444549764001,5.5,13.68,380,52,51.08,42.13,2554.13,0,22,321,57
403,-568.994403819836,5.5,12.18,353,43,52.67,42.13,2633.33,0,22,321,57
404,-517.6212430749705,4.25,12.14,346,42,51.66,42.13,2582.78,0,17,326,57
405,-531.9154671059266,4.25,12.85,358,46,51.92,42.13,2595.89,0,17,326,57
406,-627.7883827210188,4.25,11.21,348,39,53.85,42.13,2692.38,0,17,326,57
407,-799.1621876800957,4.5,11.52,382,44,57.2,42.13,2859.79,0,18,325,57
408,-884.4010431835067,5.0,11.54,364,42,58.94,42.13,2947.19,0,20,323,57
409,-808.3457481959572,3.25,11.48,366,42,57.42,42.13,2870.87,0,13,330,57
410,-749.1199194268697,4.0,12.22,360,44,56.25,42.13,2812.64,0,16,327,57
411,-838.5615259228061,5.75,13.9,367,51,58.04,42.13,2901.86,0,23,320,57
412,-827.921356468391,3.5,12.61,357,45,57.84,42.13,2891.93,0,14,329,57
413,-845.9799215082254,5.5,12.76,337,43,58.25,42.13,2912.42,0,22,321,57
414,-527.7479695248934,4.25,12.0,325,39,51.91,42.13,2595.36,0,17,326,57
415,-863.9798046553639,5.0,12.3,374,46,58.52,42.13,2925.85,0,20,323,57
416,-805.6813026730342,5.25,13.49,341,46,57.44,42.13,2871.89,0,21,322,57
417,-819.776983776481,4.75,11.99,367,44,57.65,42.13,2882.37,0,19,324,57
418,-625.9336874396128,5.75,15.7,344,54,53.85,42.13,2692.55,0,23,320,57
419,-521.1499035549822,4.5,11.33,362,41,51.68,42.13,2584.1,0,18,325,57
420,-530.2642814261823,5.75,14.02,371,52,51.86,42.13,2593.13,0,23,320,57
421,-538.4898147728763,4.25,15.16,343,52,52.1,42.13,2605.04,0,17,326,57
422,-825.5536979286278,5.0,12.73,377,48,57.74,42.13,2887.23,0,20,323,57
423,-832.0623904351517,5.25,12.9,341,44,57.96,42.13,2898.08,0,21,322,57
424,-855.3839115859187,5.0,13.2,356,47,58.39,42.13,2919.73,0,20,323,57
425,-828.9289527401846,4.75,14.83,344,51,57.9,42.13,2895.25,0,19,324,57
426,-782.8109594670645,5.25,11.85,363,43,56.92,42.13,2845.83,0,21,322,57
427,-813.773712634813,4.5,11.57,363,42,57.53,42.13,2876.69,0,18,325,57
428,-823.1092749804875,4.25,13.29,346,46,57.77,42.13,2888.67,0,17,326,57
429,-720.7729999738339,4.5,12.57,382,48,55.64,42.13,2781.8,0,18,325,57
430,-870.0489060103822,4.0,12.05,332,40,58.74,42.13,2936.85,0,16,327,57
431,-863.545319104046,5.0,12.4,379,47,58.5,42.13,2924.86,0,20,323,57
432,-807.5034792729142,5.0,13.16,342,45,57.47,42.13,2873.49,0,20,323,57
433,-780.2061843429918,3.0,8.68,357,31,56.86,42.13,2842.82,0,12,331,57
434,-784.6989429971285,4.75,12.06,373,45,56.93,42.13,2846.61,0,19,324,57
435,-848.5285393888065,4.75,12.43,370,46,58.22,42.13,2910.93,0,19,324,57
436,-855.8287259273651,4.0,11.7,342,40,58.43,42.13,2921.31,0,16,327,57
437,-842.3958649572454,4.0,9.62,343,33,58.14,42.13,2907.05,0,16,327,57
438,-558.6430209962143,4.5,12.47,361,45,52.44,42.13,2622.13,0,18,325,57
439,-548.0722222508895,3.75,10.48,372,39,52.19,42.13,2609.51,0,15,328,57
440,-535.7360443855376,5.75,14.81,385,57,51.95,42.13,2597.26,0,23,320,57
441,-584.5126989696743,4.25,12.17,345,42,53.0,42.13,2649.8,0,17,326,57
442,-525.0229940710179,4.75,11.57,363,42,51.76,42.13,2587.94,0,19,324,57
443,-538.8681707010978,3.75,12.22,360,44,52.05,42.13,2602.38,0,15,328,57
444,-539.0829318983168,4.0,10.96,365,40,52.03,42.13,2601.54,0,16,327,57
445,-515.0707208952115,4.0,12.53,375,47,51.54,42.13,2576.91,0,16,327,57
446,-577.9835857728676,4.25,12.0,375,45,52.79,42.13,2639.63,0,17,326,57
447,-612.0644459486723,3.5,12.93,348,45,53.55,42.13,2677.26,0,14,329,57
448,-814.2515089643807,5.25,12.05,365,44,57.54,42.13,2877.11,0,21,322,57
449,-826.882524624279,4.25,11.86,371,44,57.78,42.13,2888.95,0,17,326,57
450,-822.5664578443475,5.0,13.14,373,49,57.7,42.13,2884.87,0,20,323,57
451,-855.5585296575842,4.0,12.82,351,45,58.41,42.13,2920.36,0,16,327,57
452,-783.8209571661558,3.75,10.16,374,38,56.9,42.13,2844.9,0,15,328,57
453,-538.5885192728194,5.25,15.45,382,59,52.01,42.13,2600.71,0,21,322,57
454,-578.008192876563,4.5,11.44,376,43,52.79,42.13,2639.32,0,18,325,57
455,-513.5662044277398,3.75,11.05,371,41,51.51,42.13,2575.34,0,15,328,57
456,-801.4490113515642,6.25,14.98,414,62,57.19,42.13,2859.67,0,25,318,57
457,-803.3754305506551,5.0,12.89,380,49,57.3,42.13,2864.76,0,20,323,57
458,-815.8245402751473,4.5,13.75,371,51,57.57,42.13,2878.59,0,18,325,57
459,-837.1792785444769,4.0,12.15,362,44,58.01,42.13,2900.43,0,16,327,57
460,-754.8173695785908,4.0,14.29,371,53,56.36,42.13,2817.79,0,16,327,57
461,-888.899352449844,5.25,14.5,393,57,58.99,42.13,2949.38,0,21,322,57
462,-838.7476251902583,5.0,12.83,382,49,58.0,42.13,2899.87,0,20,323,57
463,-756.9209955343124,5.5,12.15,354,43,56.42,42.13,2821.13,0,22,321,57
464,-825.7406483447654,4.25,13.65,381,52,57.75,42.13,2887.3,0,17,326,57
465,-822.916169049334,5.0,14.57,357,52,57.75,42.13,2887.63,0,20,323,57
466,-754.4242375948938,6.0,12.43,362,45,56.36,42.13,2817.78,0,24,319,57
467,-898.4074074530515,3.75,11.88,362,43,59.23,42.13,2961.56,0,15,328,57
468,-839.4703180917912,5.0,12.5,360,45,58.06,42.13,2903.09,0,20,323,57
469,-769.5288356842899,6.25,16.84,380,64,56.65,42.13,2832.42,0,25,318,57
470,-818.6400003014312,5.5,15.2,375,57,57.63,42.13,2881.48,0,22,321,57
471,-841.0575007749803,4.5,11.8,373,44,58.06,42.13,2902.86,0,18,325,57
472,-898.6899608631746,4.25,12.68,355,45,59.26,42.13,2962.96,0,17,326,57
473,-826.3129941838091,4.5,13.03,376,49,57.76,42.13,2888.23,0,18,325,57
474,-813.8279531100502,5.25,12.84,366,47,57.54,42.13,2876.85,0,21,322,57
475,-794.7328141724182,4.75,13.3,361,48,57.17,42.13,2858.52,0,19,324,57
476,-776.5202102210645,4.5,13.57,339,46,56.86,42.13,2843.0,0,18,325,57
477,-857.1218649697814,5.0,14.76,359,53,58.43,42.13,2921.67,0,20,323,57
478,-814.5906813697824,4.75,13.78,370,51,57.55,42.13,2877.49,0,19,324,57
479,-774.3184903355348,4.5,11.56,372,43,56.72,42.13,2836.16,0,18,325,57
480,-525.8392375097689,5.0,12.43,354,44,51.8,42.13,2590.14,0,20,323,57
481,-546.7105452597316,4.0,13.06,337,44,52.26,42.13,2613.25,0,16,327,57
482,-521.9402088025224,3.25,12.09,364,44,51.7,42.13,2584.93,0,13,330,57
483,-545.3588060447732,4.5,12.26,367,45,52.16,42.13,2608.05,0,18,325,57
484,-556.6967246493111,3.25,10.35,367,38,52.37,42.13,2618.69,0,13,330,57
485,-544.833310984524,4.0,11.17,349,39,52.19,42.13,2609.29,0,16,327,57
486,-522.689457205206,5.75,13.92,388,54,51.67,42.13,2583.52,0,23,320,57
487,-788.909092579138,5.0,15.54,354,55,57.09,42.13,2854.31,0,20,323,57
488,-484.7252126516807,5.75,14.52,372,54,50.95,42.13,2547.66,0,23,320,57
489,-518.3180635138253,4.25,13.95,387,54,51.59,42.13,2579.28,0,17,326,57
490,-564.0974121796196,3.5,13.3,376,50,52.52,42.13,2626.11,0,14,329,57
491,-501.06833167238176,4.75,14.72,360,53,51.31,42.13,2565.48,0,19,324,57
492,-556.5508396367775,4.5,12.41,395,49,52.32,42.13,2615.97,0,18,325,57
493,-559.6577048173649,5.0,13.91,381,53,52.43,42.13,2621.31,0,20,323,57
494,-842.3098603640713,4.5,11.33,353,40,58.13,42.13,2906.35,0,18,325,57
495,-607.4437341106941,4.5,12.74,369,47,53.4,42.13,2670.08,0,18,325,57
496,-619.5781560613514,5.75,12.99,385,50,53.61,42.13,2680.41,0,23,320,57
497,-857.1162116413723,4.75,13.08,367,48,58.4,42.13,2920.11,0,19,324,57
498,-867.5819289481742,4.0,9.97,381,38,58.55,42.13,2927.74,0,16,327,57
499,-608.9671806090984,4.5,13.54,362,49,53.45,42.13,2672.72,0,18,325,57
500,-503.2880409428194,4.5,13.41,358,48,51.35,42.13,2567.47,0,18,325,57
501,-529.2333836420032,4.75,12.83,382,49,51.81,42.13,2590.36,0,19,324,57
502,-701.5887431020245,4.5,12.17,378,46,55.26,42.13,2762.94,0,18,325,57
503,-822.454761009902,4.75,14.92,382,57,57.69,42.13,2884.38,0,19,324,57
504,-854.1115670477463,4.0,12.47,361,45,58.35,42.13,2917.6,0,16,327,57
505,-824.3394009376469,4.0,11.26,382,43,57.7,42.13,2884.86,0,16,327,57
506,-783.998936993313,4.5,14.78,345,51,57.0,42.13,2850.19,0,18,325,57
507,-526.9040231648085,4.5,12.94,394,51,51.73,42.13,2586.65,0,18,325,57
508,-565.0607684705051,5.5,14.18,402,57,52.49,42.13,2624.35,0,22,321,57
509,-527.5517690835405,5.0,12.2,369,45,51.8,42.13,2589.98,0,20,323,57
510,-535.090958592436,5.0,12.43,362,45,51.97,42.13,2598.44,0,20,323,57
511,-805.1453979092735,6.5,13.27,392,52,57.31,42.13,2865.25,0,26,317,57
512,-705.0722333366575,4.0,12.04,382,46,55.32,42.13,2765.9,0,16,327,57
513,-602.3588534171089,5.0,13.23,378,50,53.28,42.13,2664.11,0,20,323,57
514,-575.9897119832747,4.0,12.67,363,46,52.79,42.13,2639.31,0,16,327,57
515,-525.602329289965,4.0,12.79,344,44,51.82,42.13,2591.22,0,16,327,57
516,-731.6707890050814,4.25,12.43,378,47,55.86,42.13,2793.12,0,17,326,57
517,-872.6879158654526,3.0,11.45,358,41,58.72,42.13,2936.17,0,12,331,57
518,-848.9793072258447,5.5,14.76,359,53,58.27,42.13,2913.53,0,22,321,57
519,-813.1081705746566,4.75,12.53,359,45,57.54,42.13,2876.86,0,19,324,57
520,-805.2635669541968,5.0,13.3,361,48,57.38,42.13,2869.05,0,20,323,57
521,-834.9130856929429,5.0,12.87,373,48,57.94,42.13,2897.12,0,20,323,57
522,-815.9525611428134,3.75,12.12,363,44,57.58,42.13,2879.07,0,15,328,57
523,-831.4379684708018,4.5,13.88,389,54,57.84,42.13,2892.14,0,18,325,57
524,-846.0313142792991,5.0,13.66,366,50,58.19,42.13,2909.36,0,20,323,57
525,-830.1016202540708,4.75,13.19,364,48,57.87,42.13,2893.49,0,19,324,57
526,-839.7356479325214,4.0,12.0,350,42,58.09,42.13,2904.37,0,16,327,57
527,-798.5865616979405,4.5,12.7,378,48,57.2,42.13,2860.14,0,18,325,57
528,-836.9179751688548,4.75,11.89,370,44,57.98,42.13,2899.12,0,19,324,57
529,-819.883386193028,5.75,14.29,371,53,57.66,42.13,2882.85,0,23,320,57
530,-793.5458897127215,5.5,13.46,379,51,57.11,42.13,2855.26,0,22,321,57
531,-845.8804403760058,4.75,12.21,344,42,58.23,42.13,2911.3,0,19,324,57
532,-752.1616035853542,4.25,12.75,353,45,56.33,42.13,2816.7,0,17,326,57
533,-701.7705900171902,5.0,13.1,374,49,55.28,42.13,2763.95,0,20,323,57
534,-770.0447127529695,4.25,12.29,358,44,56.68,42.13,2833.82,0,17,326,57
535,-863.580015852075,3.75,13.5,363,49,58.54,42.13,2927.2,0,15,328,57
536,-815.0302494400456,5.0,13.69,358,49,57.59,42.13,2879.31,0,20,323,57
537,-801.6322212022463,5.5,14.41,347,50,57.35,42.13,2867.46,0,22,321,57
538,-840.5992968851831,4.5,13.1,374,49,58.06,42.13,2902.77,0,18,325,57
539,-859.705247549167,4.5,13.64,374,51,58.44,42.13,2922.08,0,18,325,57
540,-814.3278958005716,4.0,13.01,369,48,57.54,42.13,2877.06,0,16,327,57
541,-844.1456841600846,3.5,13.08,367,48,58.14,42.13,2907.14,0,14,329,57
542,-817.7149525632377,6.0,13.73,357,49,57.64,42.13,2882.12,0,24,319,57
543,-726.0353067242816,4.25,12.57,358,45,55.8,42.13,2789.91,0,17,326,57
544,-546.6567786266371,3.5,11.17,358,40,52.2,42.13,2610.04,0,14,329,57
545,-553.5768102326706,4.75,13.41,358,48,52.36,42.13,2617.76,0,19,324,57
546,-639.7474885547763,2.75,10.11,376,38,54.01,42.13,2700.56,0,11,332,57
547,-542.2920969335592,4.0,11.44,376,43,52.07,42.13,2603.6,0,16,327,57
548,-509.467894253682,3.75,12.74,369,47,51.44,42.13,2572.1,0,15,328,57
549,-584.671494161071,5.5,12.96,355,46,52.98,42.13,2649.04,0,22,321,57
550,-839.2114420017997,4.5,11.89,387,46,57.99,42.13,2899.38,0,18,325,57
551,-823.4366171466711,5.5,14.14,382,54,57.7,42.13,2885.06,0,22,321,57
552,-660.2521223338354,5.25,13.71,372,51,54.46,42.13,2722.89,0,21,322,57
553,-538.2951319569754,4.0,11.56,372,43,52.0,42.13,2600.13,0,16,327,57
554,-538.0866984503966,4.5,11.72,384,45,51.97,42.13,2598.55,0,18,325,57
555,-746.2342726959096,5.75,14.67,375,55,56.18,42.13,2808.88,0,23,320,57
556,-563.766686517577,5.5,13.33,375,50,52.52,42.13,2625.91,0,22,321,57
557,-504.39257603147314,3.75,10.83,351,38,51.37,42.13,2568.49,0,15,328,57
558,-518.7641305395333,5.0,11.4,351,40,51.66,42.13,2583.06,0,20,323,57
559,-565.9775771240247,4.75,12.6,381,48,52.54,42.13,2627.13,0,19,324,57
560,-493.52001220410705,4.75,13.33,360,48,51.15,42.13,2557.44,0,19,324,57
561,-527.033291351911,5.75,14.01,357,50,51.83,42.13,2591.54,0,23,320,57
562,-581.0828449806182,5.5,14.02,371,52,52.88,42.13,2643.95,0,22,321,57
563,-533.7745850210895,5.75,14.09,369,52,51.94,42.13,2596.91,0,23,320,57
564,-497.0881695964649,4.0,12.01,358,43,51.22,42.13,2560.77,0,16,327,57
565,-528.3188233581549,4.75,12.08,356,43,51.85,42.13,2592.26,0,19,324,57
566,-524.9657651261456,5.25,11.61,353,41,51.78,42.13,2589.1,0,21,322,57
567,-803.3341868226643,3.0,10.08,357,36,57.33,42.13,2866.44,0,12,331,57
568,-831.0237861281834,4.5,13.05,383,50,57.84,42.13,2892.12,0,18,325,57
569,-779.1583709290529,4.75,12.47,377,47,56.81,42.13,2840.74,0,19,324,57
570,-512.6250092045974,5.25,12.91,364,47,51.52,42.13,2575.91,0,21,322,57
571,-521.9350472071385,4.5,13.76,356,49,51.73,42.13,2586.48,0,18,325,57
572,-771.8983161667984,5.0,12.24,384,47,56.65,42.13,2832.56,0,20,323,57
573,-646.4024093427971,5.5,13.13,358,47,54.21,42.13,2710.48,0,22,321,57
574,-738.5208472279323,3.5,10.25,361,37,56.02,42.13,2801.2,0,14,329,57
575,-754.785015023302,4.25,13.01,369,48,56.35,42.13,2817.52,0,17,326,57
576,-510.9754800172457,5.0,15.41,370,57,51.49,42.13,2574.48,0,20,323,57
577,-575.5756802015869,4.25,12.54,351,44,52.81,42.13,2640.27,0,17,326,57
578,-547.8712471821867,4.25,13.77,363,50,52.23,42.13,2611.59,0,17,326,57
579,-523.2573632715057,4.25,12.53,367,46,51.72,42.13,2586.05,0,17,326,57
580,-503.544406202105,4.5,13.45,342,46,51.39,42.13,2569.63,0,18,325,57
581,-526.0855483789073,4.25,14.33,335,48,51.87,42.13,2593.29,0,17,326,57
582,-500.7793498130351,5.5,12.77,368,47,51.27,42.13,2563.54,0,22,321,57
583,-545.6573986654986,3.75,13.55,369,50,52.17,42.13,2608.59,0,15,328,57
584,-516.0084327660725,3.25,9.47,338,32,51.62,42.13,2581.22,0,13,330,57
585,-570.2300858472602,4.5,10.14,355,36,52.67,42.13,2633.6,0,18,325,57
586,-547.4877386776616,5.5,14.09,369,52,52.21,42.13,2610.62,0,22,321,57
587,-530.485251114991,3.25,9.04,354,32,51.87,42.13,2593.59,0,13,330,57
588,-506.5413085280117,7.0,14.71,374,55,51.39,42.13,2569.32,0,28,315,57
589,-555.4066645150299,3.75,11.76,357,42,52.38,42.13,2619.12,0,15,328,57
590,-843.2654032016205,3.5,11.56,372,43,58.1,42.13,2905.1,0,14,329,57
591,-843.4608310418236,4.75,13.17,372,49,58.12,42.13,2905.9,0,19,324,57
592,-850.3819038094592,5.5,13.19,364,48,58.28,42.13,2913.77,0,22,321,57
593,-764.3290959031498,4.0,11.24,356,40,56.56,42.13,2827.97,0,16,327,57
594,-772.6134901640527,5.0,12.95,363,47,56.72,42.13,2836.03,0,20,323,57
595,-766.8177215645023,4.5,11.89,370,44,56.58,42.13,2829.02,0,18,325,57
596,-799.2864691891787,4.75,12.99,354,46,57.28,42.13,2863.79,0,19,324,57
597,-792.928083639115,5.0,12.37,388,48,57.06,42.13,2853.16,0,20,323,57
598,-732.0142650966169,4.0,12.17,345,42,55.95,42.13,2797.3,0,16,327,57
599,-512.5883320627079,4.25,12.85,358,46,51.53,42.13,2576.57,0,17,326,57
600,-511.9819942360039,4.25,11.76,357,42,51.51,42.13,2575.69,0,17,326,57
601,-588.7209763830216,4.75,11.78,365,43,53.03,42.13,2651.48,0,19,324,57
602,-757.7516084359893,5.25,14.05,370,52,56.42,42.13,2820.75,0,21,322,57
603,-848.9034740818353,4.5,13.15,365,48,58.24,42.13,2912.16,0,18,325,57
604,-785.1648106763663,5.25,14.92,382,57,56.94,42.13,2847.09,0,21,322,57
605,-829.0598222868058,5.75,13.54,362,49,57.86,42.13,2892.81,0,23,320,57
606,-805.4565425725784,3.5,11.76,374,44,57.34,42.13,2867.13,0,14,329,57
607,-840.3207104710059,4.25,12.39,355,44,58.09,42.13,2904.49,0,17,326,57
608,-778.6350246378693,6.0,15.19,362,55,56.86,42.13,2842.99,0,24,319,57
609,-846.3037048654564,4.75,13.24,370,49,58.18,42.13,2909.0,0,19,324,57
610,-820.2924917254536,5.75,14.71,408,60,57.58,42.13,2879.1,0,23,320,57
611,-868.6981862554851,4.75,11.52,382,44,58.59,42.13,2929.32,0,19,324,57
612,-843.5882473802079,4.5,13.01,369,48,58.13,42.13,2906.32,0,18,325,57
613,-794.797112636438,5.5,13.86,368,51,57.16,42.13,2857.96,0,22,321,57
614,-673.3998031919806,4.75,11.32,371,42,54.71,42.13,2735.27,0,19,324,57
615,-473.469577168794,4.75,14.53,358,52,50.76,42.13,2538.05,0,19,324,57
616,-534.4650335987374,4.5,12.57,358,45,51.97,42.13,2598.34,0,18,325,57
617,-547.9151770816362,5.25,14.33,356,51,52.25,42.13,2612.66,0,21,322,57
618,-563.5734915867721,4.5,14.45,339,49,52.61,42.13,2630.35,0,18,325,57
619,-504.3905473725608,5.75,14.48,366,53,51.36,42.13,2568.02,0,23,320,57
620,-547.0061726206947,4.75,13.44,372,50,52.19,42.13,2609.54,0,19,324,57
621,-844.7385354368392,4.25,12.66,379,48,58.12,42.13,2906.16,0,17,326,57
622,-833.6648630802352,4.25,14.04,349,49,57.98,42.13,2899.13,0,17,326,57
623,-836.9961285394548,3.75,11.68,351,41,58.03,42.13,2901.39,0,15,328,57
624,-746.0246234965933,4.75,11.91,361,43,56.19,42.13,2809.31,0,19,324,57
625,-851.3297132877223,4.5,12.12,363,44,58.29,42.13,2914.45,0,18,325,57
626,-752.6337921210447,5.0,12.57,350,44,56.35,42.13,2817.46,0,20,323,57
627,-680.4370508406879,4.0,13.62,345,47,54.92,42.13,2746.22,0,16,327,57
628,-501.43451969566047,5.0,12.23,368,45,51.28,42.13,2564.0,0,20,323,57
629,-509.82125122197505,4.75,13.68,380,52,51.43,42.13,2571.51,0,19,324,57
630,-874.4203128174466,4.0,12.21,344,42,58.8,42.13,2939.84,0,16,327,57
631,-846.0057738316767,6.5,13.77,363,50,58.19,42.13,2909.73,0,26,317,57
632,-752.1541789476789,4.0,12.75,353,45,56.33,42.13,2816.69,0,16,327,57
633,-797.6824091891449,5.25,13.54,384,52,57.18,42.13,2858.84,0,21,322,57
634,-834.0273811118317,4.0,11.81,364,43,57.94,42.13,2896.92,0,16,327,57
635,-841.9563760695864,4.75,12.74,369,47,58.09,42.13,2904.59,0,19,324,57
636,-605.4369552755662,3.5,11.62,370,43,53.35,42.13,2667.54,0,14,329,57
637,-512.1546984940794,3.75,12.57,334,42,51.58,42.13,2578.89,0,15,328,57
638,-817.8794176767813,5.0,13.67,395,54,57.56,42.13,2877.79,0,20,323,57
639,-800.8082933058159,5.5,13.52,355,48,57.31,42.13,2865.38,0,22,321,57
640,-809.8683618537913,5.25,14.24,330,47,57.55,42.13,2877.63,0,21,322,57
641,-841.7974932199032,5.25,14.52,365,53,58.11,42.13,2905.56,0,21,322,57
642,-623.5953701427779,4.75,12.79,383,49,53.69,42.13,2684.59,0,19,324,57
643,-503.06134227980255,4.25,11.83,372,44,51.3,42.13,2565.0,0,17,326,57
644,-575.6191785155487,4.0,10.16,384,39,52.71,42.13,2635.48,0,16,327,57
645,-559.7750102116073,5.0,15.12,377,57,52.45,42.13,2622.36,0,20,323,57
646,-835.3477539842244,4.5,12.32,357,44,57.99,42.13,2899.26,0,18,325,57
647,-854.0974392296779,4.0,12.63,372,47,58.33,42.13,2916.34,0,16,327,57
648,-855.4730419811134,4.25,12.09,339,41,58.43,42.13,2921.45,0,17,326,57
649,-846.0109194914403,4.25,12.04,382,46,58.14,42.13,2906.83,0,17,326,57
650,-825.8057429723665,5.75,14.5,338,49,57.85,42.13,2892.71,0,23,320,57
651,-853.2501097494867,5.25,13.1,374,49,58.31,42.13,2915.43,0,21,322,57
652,-779.392096435478,4.25,12.3,374,46,56.83,42.13,2841.27,0,17,326,57
653,-868.6287140813882,4.75,12.89,357,46,58.65,42.13,2932.74,0,19,324,57
654,-805.3225918246613,4.25,13.07,375,49,57.35,42.13,2867.37,0,17,326,57
655,-853.6517854707839,4.5,12.3,382,47,58.29,42.13,2914.58,0,18,325,57
656,-665.3610472457319,5.0,12.5,368,46,54.56,42.13,2728.02,0,20,323,57
657,-512.54105435518,3.25,12.03,374,45,51.49,42.13,2574.32,0,13,330,57
658,-527.7176795166209,4.5,14.2,338,48,51.89,42.13,2594.53,0,18,325,57
659,-844.5322167143745,3.25,13.37,344,46,58.21,42.13,2910.35,0,13,330,57
660,-793.3251922870579,5.25,14.14,382,54,57.1,42.13,2854.95,0,21,322,57
661,-521.8476812855272,5.0,13.96,351,49,51.74,42.13,2587.05,0,20,323,57
662,-511.66278434640225,4.5,12.23,376,46,51.47,42.13,2573.27,0,18,325,57
663,-520.7693352339625,4.75,13.04,368,48,51.67,42.13,2583.63,0,19,324,57
664,-814.6051781045305,4.25,12.9,372,48,57.54,42.13,2876.94,0,17,326,57
665,-832.8793240463344,2.75,10.78,371,40,57.89,42.13,2894.55,0,11,332,57
666,-532.2419878953216,3.75,12.71,354,45,51.93,42.13,2596.65,0,15,328,57
667,-534.6883054999274,4.5,13.19,364,48,51.96,42.13,2598.08,0,18,325,57
668,-546.5366672521441,3.5,12.94,371,48,52.18,42.13,2609.01,0,14,329,57
669,-529.1735857760223,5.75,15.07,365,55,51.86,42.13,2593.13,0,23,320,57
670,-571.1388027155411,5.5,14.56,364,53,52.7,42.13,2635.03,0,22,321,57
671,-538.5756047148727,4.5,13.12,343,45,52.09,42.13,2604.43,0,18,325,57
672,-525.1507644463406,4.5,13.43,335,45,51.84,42.13,2592.05,0,18,325,57
673,-564.7384991322674,5.0,15.01,353,53,52.6,42.13,2630.07,0,20,323,57
674,-530.4573667940222,3.25,12.24,343,42,51.92,42.13,2596.01,0,13,330,57
675,-520.6024581147341,5.0,15.09,371,56,51.68,42.13,2583.87,0,20,323,57
676,-540.9161902651955,4.5,11.17,349,39,52.11,42.13,2605.38,0,18,325,57
677,-561.5184861371081,4.0,12.53,367,46,52.49,42.13,2624.31,0,16,327,57
678,-515.5878728819011,6.75,16.24,351,57,51.63,42.13,2581.59,0,27,316,57
679,-565.2650888984023,4.5,14.25,351,50,52.61,42.13,2630.56,0,18,325,57
680,-550.0497122595807,3.75,13.73,386,53,52.22,42.13,2611.05,0,15,328,57
681,-827.2025580128835,5.25,14.4,375,54,57.79,42.13,2889.75,0,21,322,57
682,-824.2595734592899,4.75,14.37,341,49,57.82,42.13,2890.77,0,19,324,57
683,-826.3724557998084,5.0,13.16,380,50,57.76,42.13,2887.86,0,20,323,57
684,-831.5157584164466,3.0,11.87,337,40,57.95,42.13,2897.65,0,12,331,57
685,-816.6147403525024,3.5,13.04,368,48,57.59,42.13,2879.48,0,14,329,57
686,-828.7108895813342,6.0,14.85,357,53,57.87,42.13,2893.52,0,24,319,57
687,-517.508808170365,5.0,11.83,355,42,51.63,42.13,2581.48,0,20,323,57
688,-483.24282718983443,5.25,13.13,358,47,50.95,42.13,2547.32,0,21,322,57
689,-511.8915940632388,4.5,13.13,358,47,51.52,42.13,2575.97,0,18,325,57
690,-510.62359719587505,4.5,13.33,360,48,51.49,42.13,2574.54,0,18,325,57
691,-506.1059412879705,4.75,12.77,368,47,51.38,42.13,2568.87,0,19,324,57
692,-504.14928171767843,3.25,10.08,377,38,51.3,42.13,2564.83,0,13,330,57
693,-773.8125055496217,4.75,13.62,345,47,56.79,42.13,2839.6,0,19,324,57
694,-853.5877251037869,4.25,13.81,362,50,58.35,42.13,2917.44,0,17,326,57
695,-830.0001637744114,3.75,12.7,378,48,57.83,42.13,2891.55,0,15,328,57
696,-764.3190839552597,6.0,14.25,358,51,56.58,42.13,2828.8,0,24,319,57
697,-839.2005024054855,5.5,14.95,368,55,58.06,42.13,2902.76,0,22,321,57
698,-556.5690320440746,3.5,11.52,356,41,52.41,42.13,2620.31,0,14,329,57
699,-532.6832379232824,4.0,12.5,328,41,52.0,42.13,2600.11,0,16,327,57
700,-537.398111193331,3.75,13.75,349,48,52.06,42.13,2602.76,0,15,328,57
701,-681.9552169629845,4.5,12.98,362,47,54.91,42.13,2745.51,0,18,325,57
702,-866.2608346936224,3.25,12.54,351,44,58.62,42.13,2930.96,0,13,330,57
703,-823.2936823164732,6.0,14.79,365,54,57.74,42.13,2887.15,0,24,319,57
704,-643.5753428061915,4.25,13.3,361,48,54.15,42.13,2707.36,0,17,326,57
705,-538.3629842479891,4.25,13.2,356,47,52.05,42.13,2602.7,0,17,326,57
706,-489.8705005575982,5.75,13.84,354,49,51.09,42.13,2554.67,0,23,320,57
707,-856.6379874640124,5.25,13.92,352,49,58.43,42.13,2921.71,0,21,322,57
708,-767.0182033982794,4.25,12.1,347,42,56.64,42.13,2832.04,0,17,326,57
709,-881.9197879416262,3.25,13.93,359,50,58.92,42.13,2946.17,0,13,330,57
710,-859.0059578822171,6.25,14.04,356,50,58.47,42.13,2923.65,0,25,318,57
711,-810.2011923750158,4.25,12.04,357,43,57.48,42.13,2874.01,0,17,326,57
712,-823.7863759317711,4.5,13.41,358,48,57.76,42.13,2887.96,0,18,325,57
713,-595.1714239141153,5.0,14.4,375,54,53.15,42.13,2657.71,0,20,323,57
714,-552.7604285589159,5.5,16.88,385,65,52.3,42.13,2615.09,0,22,321,57
715,-519.3264066604095,5.0,11.83,355,42,51.67,42.13,2583.3,0,20,323,57
716,-542.4192731202855,4.75,13.69,358,49,52.13,42.13,2606.7,0,19,324,57
717,-847.2608528361046,4.5,12.94,340,44,58.27,42.13,2913.41,0,18,325,57
718,-794.036776331178,4.5,12.92,356,46,57.17,42.13,2858.28,0,18,325,57
719,-653.6222170007642,4.5,10.92,357,39,54.34,42.13,2717.03,0,18,325,57
720,-551.8750629094017,4.75,14.24,344,49,52.36,42.13,2617.99,0,19,324,57
721,-520.7280127659566,6.0,13.39,336,45,51.75,42.13,2587.5,0,24,319,57
722,-505.2638541348404,4.0,12.8,336,43,51.44,42.13,2571.83,0,16,327,57
723,-529.4973447781969,6.25,15.34,352,54,51.9,42.13,2595.06,0,25,318,57
724,-490.55780689718085,5.75,13.06,337,44,51.14,42.13,2557.1,0,23,320,57
725,-509.9117983976215,5.0,13.59,368,50,51.46,42.13,2572.98,0,20,323,57
726,-566.727618938408,5.5,14.45,353,51,52.64,42.13,2631.86,0,22,321,57
727,-562.3543905623677,3.25,11.7,342,40,52.56,42.13,2627.84,0,13,330,57
728,-516.1456254453084,2.5,10.12,346,35,51.61,42.13,2580.6,0,10,333,57
729,-540.0303863274851,5.0,12.31,390,48,52.0,42.13,2600.0,0,20,323,57
730,-570.611556797326,4.75,13.98,379,53,52.65,42.13,2632.53,0,19,324,57
731,-793.7278200333332,5.0,12.53,359,45,57.15,42.13,2857.47,0,20,323,57
732,-752.9824699158274,5.25,13.42,380,51,56.29,42.13,2814.57,0,21,322,57
733,-875.5740215518591,4.5,11.3,354,40,58.79,42.13,2939.48,0,18,325,57
734,-827.8900442017226,6.0,12.67,371,47,57.81,42.13,2890.26,0,24,319,57
735,-751.7874154763132,5.75,15.49,368,57,56.31,42.13,2815.55,0,23,320,57
736,-786.7058605690517,5.25,13.88,353,49,57.03,42.13,2851.64,0,21,322,57
737,-847.099757590525,2.25,10.75,335,36,58.26,42.13,2913.1,0,9,334,57
738,-606.8607192093048,4.75,14.64,362,53,53.42,42.13,2671.01,0,19,324,57
739,-716.3940823550803,4.0,13.27,324,43,55.69,42.13,2784.54,0,16,327,57
740,-895.5724272288311,2.75,12.05,332,40,59.25,42.13,2962.37,0,11,332,57
741,-890.9083881964006,4.25,12.46,353,44,59.11,42.13,2955.34,0,17,326,57
742,-854.4676522810973,4.25,12.18,353,43,58.38,42.13,2918.8,0,17,326,57
743,-875.455300802461,3.5,13.03,353,46,58.8,42.13,2940.09,0,14,329,57
744,-795.4980457922526,4.0,14.21,373,53,57.16,42.13,2858.2,0,16,327,57
745,-877.3470415539673,4.5,12.27,326,40,58.9,42.13,2944.93,0,18,325,57
746,-866.7714244012652,4.5,11.11,351,39,58.62,42.13,2930.97,0,18,325,57
747,-884.731872295302,4.75,12.82,351,45,58.99,42.13,2949.53,0,19,324,57
748,-820.5125749350309,3.75,12.07,348,42,57.71,42.13,2885.41,0,15,328,57
749,-818.4502691455999,4.25,11.43,350,40,57.66,42.13,2882.88,0,17,326,57
750,-597.0102698833564,4.5,11.71,350,41,53.23,42.13,2661.54,0,18,325,57
751,-494.8869104061942,3.25,12.68,347,44,51.2,42.13,2560.11,0,13,330,57
752,-529.1694907562495,4.75,13.7,365,50,51.85,42.13,2592.63,0,19,324,57
753,-494.5116581145652,4.0,11.41,333,38,51.22,42.13,2560.98,0,16,327,57
754,-529.8802126098795,4.0,13.2,341,45,51.92,42.13,2595.99,0,16,327,57
755,-528.1442843165914,5.5,15.56,347,54,51.89,42.13,2594.37,0,22,321,57
756,-495.6828280396885,3.5,10.71,336,36,51.23,42.13,2561.55,0,14,329,57
757,-507.0925807699342,5.0,13.07,329,43,51.49,42.13,2574.58,0,20,323,57
758,-787.4014350557683,6.25,15.09,371,56,57.01,42.13,2850.67,0,25,318,57
759,-861.7005656247647,4.0,12.33,365,45,58.49,42.13,2924.66,0,16,327,57
760,-851.0949155332848,4.25,12.43,378,47,58.25,42.13,2912.54,0,17,326,57
761,-862.8057430842334,5.5,11.67,360,42,58.52,42.13,2926.12,0,22,321,57
762,-535.1364789199848,5.5,15.47,349,54,52.02,42.13,2601.1,0,22,321,57
763,-519.951656462363,4.75,13.76,356,49,51.69,42.13,2584.49,0,19,324,57
764,-498.36489614293663,5.5,12.57,350,44,51.26,42.13,2563.19,0,22,321,57
765,-543.6385546627773,4.75,13.08,321,42,52.24,42.13,2612.08,0,19,324,57
766,-659.6278809625633,4.5,13.81,333,46,54.54,42.13,2726.89,0,18,325,57
767,-533.2835653075391,4.75,14.72,360,53,51.95,42.13,2597.7,0,19,324,57
768,-805.4456045721786,2.0,10.99,355,39,57.38,42.13,2869.12,0,8,335,57
769,-862.4239749458746,4.0,11.27,355,40,58.52,42.13,2926.2,0,16,327,57
770,-875.68882998571,4.75,13.47,349,47,58.82,42.13,2940.95,0,19,324,57
771,-848.6271934160897,4.5,14.32,370,53,58.23,42.13,2911.73,0,18,325,57
772,-828.950410229456,5.0,12.32,357,44,57.86,42.13,2892.86,0,20,323,57
773,-902.1262507850828,4.25,12.3,382,47,59.26,42.13,2963.05,0,17,326,57
774,-848.4284825047658,4.75,11.73,375,44,58.2,42.13,2909.97,0,19,324,57
775,-842.1773919755134,4.75,12.15,362,44,58.11,42.13,2905.43,0,19,324,57
776,-893.3079905977357,3.75,12.2,369,45,59.11,42.13,2955.74,0,15,328,57
777,-753.673078602217,4.0,14.08,341,48,56.4,42.13,2820.09,0,16,327,57
778,-855.2226908423919,3.5,12.5,352,44,58.4,42.13,2919.79,0,14,329,57
779,-718.882584231149,3.75,14.91,369,55,55.65,42.13,2782.31,0,15,328,57
780,-505.83614321054773,4.75,12.46,337,42,51.44,42.13,2572.18,0,19,324,57
781,-553.340640418185,3.25,10.8,324,35,52.41,42.13,2620.69,0,13,330,57
782,-510.1402517397623,2.75,11.53,347,40,51.5,42.13,2574.96,0,11,332,57
783,-524.7607179723756,5.75,13.73,335,46,51.84,42.13,2591.76,0,23,320,57
784,-513.2508880214061,4.75,13.45,357,48,51.55,42.13,2577.56,0,19,324,57
785,-542.858903549286,4.75,13.7,343,47,52.18,42.13,2608.91,0,19,324,57
786,-575.1030267869742,6.25,13.42,365,49,52.77,42.13,2638.46,0,25,318,57
787,-571.9235241537012,4.5,13.6,353,48,52.74,42.13,2636.76,0,18,325,57
788,-504.02810708111167,3.75,13.33,360,48,51.36,42.13,2567.94,0,15,328,57
789,-510.05744344191925,3.75,13.03,353,46,51.49,42.13,2574.69,0,15,328,57
790,-536.2887367536196,5.5,13.71,350,48,52.03,42.13,2601.52,0,22,321,57
791,-507.3408438009535,5.5,13.65,359,49,51.43,42.13,2571.49,0,22,321,57
792,-518.5660355527374,3.5,11.7,342,40,51.68,42.13,2584.05,0,14,329,57
793,-514.1048368559346,4.5,13.24,355,47,51.57,42.13,2578.58,0,18,325,57
794,-548.9341921755585,4.25,12.71,362,46,52.25,42.13,2612.39,0,17,326,57
795,-500.6703836479746,6.75,16.25,363,59,51.31,42.13,2565.29,0,27,316,57
796,-539.8880128855558,4.75,13.25,385,51,52.02,42.13,2600.82,0,19,324,57
797,-500.14351037782654,3.75,12.83,343,44,51.32,42.13,2565.89,0,15,328,57
798,-500.97995085655776,4.75,12.98,362,47,51.29,42.13,2564.53,0,19,324,57
799,-523.4037685625774,5.25,15.41,344,53,51.8,42.13,2589.92,0,21,322,57
800,-534.8239044931648,5.25,14.25,351,50,52.0,42.13,2600.12,0,21,322,57
801,-534.2288786606404,3.75,11.33,362,41,51.94,42.13,2597.18,0,15,328,57
802,-565.9388368748549,4.0,11.99,342,41,52.63,42.13,2631.52,0,16,327,57
803,-520.0846749188706,4.75,12.43,378,47,51.63,42.13,2581.53,0,19,324,57
804,-519.4708890493888,4.25,12.05,332,40,51.73,42.13,2586.27,0,17,326,57
805,-539.635691286009,4.25,13.06,360,47,52.07,42.13,2603.45,0,17,326,57
806,-522.3106078237421,5.0,11.9,336,40,51.77,42.13,2588.58,0,20,323,57
807,-529.8782779299733,5.5,15.25,354,54,51.9,42.13,2595.18,0,22,321,57
808,-522.5003295113559,5.0,14.57,357,52,51.74,42.13,2587.21,0,20,323,57
809,-519.5936274603528,3.0,11.63,344,40,51.7,42.13,2584.81,0,12,331,57
810,-561.2619098776738,4.25,10.35,367,38,52.47,42.13,2623.26,0,17,326,57
811,-570.3388177552192,3.75,13.39,351,47,52.71,42.13,2635.34,0,15,328,57
812,-507.1258523584127,5.0,12.64,348,44,51.44,42.13,2572.22,0,20,323,57
813,-789.4855267178737,5.0,12.24,343,42,57.1,42.13,2855.04,0,20,323,57
814,-750.9717339107602,5.25,12.77,368,47,56.27,42.13,2813.74,0,21,322,57
815,-687.5444582616205,5.25,14.01,357,50,55.04,42.13,2752.05,0,21,322,57
816,-543.6531998337817,4.75,14.56,364,53,52.15,42.13,2607.54,0,19,324,57
817,-514.8596326326541,4.25,12.12,363,44,51.56,42.13,2577.98,0,17,326,57
818,-566.0292363040569,4.0,13.45,342,46,52.64,42.13,2632.11,0,16,327,57
819,-625.5171650261992,4.0,13.33,360,48,53.79,42.13,2689.43,0,16,327,57
820,-501.22495069582493,6.0,13.45,342,46,51.35,42.13,2567.31,0,24,319,57
821,-580.8399344616452,3.75,13.43,350,47,52.92,42.13,2645.97,0,15,328,57
822,-517.1192736760988,4.0,11.17,358,40,51.61,42.13,2580.5,0,16,327,57
823,-505.97635300913635,5.0,12.78,352,45,51.41,42.13,2570.64,0,20,323,57
824,-819.5410554048439,5.0,12.03,349,42,57.69,42.13,2884.3,0,20,323,57
825,-855.517669641705,4.75,12.96,355,46,58.4,42.13,2919.89,0,19,324,57
826,-829.9016573140332,4.75,12.7,370,47,57.85,42.13,2892.4,0,19,324,57
827,-863.9840844262762,4.0,12.02,341,41,58.59,42.13,2929.7,0,16,327,57
828,-856.5462695468982,4.5,13.18,349,46,58.43,42.13,2921.71,0,18,325,57
829,-776.0112254340769,2.75,9.86,345,34,56.81,42.13,2840.5,0,11,332,57
830,-839.167712372731,5.5,13.44,372,50,58.03,42.13,2901.71,0,22,321,57
831,-816.8515756290875,4.0,12.54,343,43,57.65,42.13,2882.5,0,16,327,57
832,-834.2290545330167,4.5,13.22,348,46,57.99,42.13,2899.52,0,18,325,57
833,-841.5331777807893,4.5,13.62,345,47,58.15,42.13,2907.32,0,18,325,57
834,-871.4512463562315,3.75,11.61,336,39,58.75,42.13,2937.62,0,15,328,57
835,-519.7773383620563,4.0,10.87,322,35,51.75,42.13,2587.39,0,16,327,57
836,-528.7653429672887,3.25,11.75,349,41,51.87,42.13,2593.43,0,13,330,57
837,-766.4933963653071,4.75,13.2,341,45,56.65,42.13,2832.61,0,19,324,57
838,-856.160583989433,5.25,12.36,356,44,58.4,42.13,2920.2,0,21,322,57
839,-759.8969363485689,4.5,12.61,357,45,56.48,42.13,2823.91,0,18,325,57
840,-531.43353482939,2.5,10.06,348,35,51.91,42.13,2595.63,0,10,333,57
841,-532.1628648778013,3.25,12.12,363,44,51.91,42.13,2595.28,0,13,330,57
842,-510.71992947315397,5.75,13.37,344,46,51.53,42.13,2576.54,0,23,320,57
843,-517.5117777899819,5.75,13.64,352,48,51.65,42.13,2582.48,0,23,320,57
844,-550.838215431559,3.25,9.67,331,32,52.34,42.13,2616.97,0,13,330,57
845,-528.0704871573024,3.75,11.37,343,39,51.87,42.13,2593.32,0,15,328,57
846,-561.4921351771583,4.25,13.07,329,43,52.58,42.13,2628.98,0,17,326,57
847,-534.6839831714991,5.0,12.98,362,47,51.96,42.13,2598.24,0,20,323,57
848,-548.2864209481004,4.5,12.87,342,44,52.28,42.13,2614.17,0,18,325,57
849,-532.6441111316396,5.0,11.08,361,40,51.91,42.13,2595.63,0,20,323,57
850,-547.4255134900327,5.25,15.41,357,55,52.25,42.13,2612.44,0,21,322,57
851,-528.8343818739083,3.75,11.08,334,37,51.9,42.13,2595.07,0,15,328,57
852,-506.46772912791994,5.0,12.43,362,45,51.4,42.13,2569.82,0,20,323,57
853,-544.7773413711011,4.75,12.07,348,42,52.19,42.13,2609.67,0,19,324,57
854,-832.710458264939,3.25,11.24,347,39,57.95,42.13,2897.43,0,13,330,57
855,-761.6163742032371,5.25,13.99,343,48,56.56,42.13,2827.77,0,21,322,57
856,-546.308518521976,4.0,12.89,357,46,52.21,42.13,2610.42,0,16,327,57
857,-534.7158442316953,5.25,12.66,379,48,51.92,42.13,2596.13,0,21,322,57
858,-518.4591940716526,4.75,12.43,346,43,51.67,42.13,2583.71,0,19,324,57
859,-552.503918965546,4.75,13.39,336,45,52.39,42.13,2619.27,0,19,324,57
860,-769.7033066985522,5.25,13.09,359,47,56.67,42.13,2833.65,0,21,322,57
861,-665.4599011601913,4.75,13.71,372,51,54.56,42.13,2728.1,0,19,324,57
862,-784.6862630484412,4.5,11.99,367,44,56.95,42.13,2847.28,0,18,325,57
863,-858.4651956213032,4.75,13.37,359,48,58.45,42.13,2922.51,0,19,324,57
864,-854.5335464082685,4.5,12.28,334,41,58.42,42.13,2921.17,0,18,325,57
865,-816.0671367415109,5.75,14.57,350,51,57.63,42.13,2881.6,0,23,320,57
866,-825.9578041867727,4.75,11.94,360,43,57.79,42.13,2889.37,0,19,324,57
867,-594.1646459710814,5.0,12.18,353,43,53.17,42.13,2658.5,0,20,323,57
868,-565.2738288898933,4.25,12.22,352,43,52.59,42.13,2629.74,0,17,326,57
869,-521.455790342521,4.5,15.28,360,55,51.72,42.13,2586.07,0,18,325,57
870,-525.4106925365545,4.75,13.6,353,48,51.8,42.13,2590.25,0,19,324,57
871,-579.1858414632839,4.75,12.64,364,46,52.85,42.13,2642.38,0,19,324,57
872,-763.9474357006465,5.0,14.48,359,52,56.57,42.13,2828.39,0,20,323,57
873,-850.2650067836172,3.5,11.9,336,40,58.33,42.13,2916.54,0,14,329,57
874,-540.5959076743255,3.5,11.93,327,39,52.16,42.13,2607.95,0,14,329,57
875,-494.74190701373533,4.25,13.42,365,49,51.16,42.13,2558.1,0,17,326,57
876,-502.329333832157,3.5,12.57,342,43,51.36,42.13,2568.11,0,14,329,57
877,-569.9432336044479,4.75,12.78,352,45,52.69,42.13,2634.61,0,19,324,57
878,-514.652100340378,4.0,12.15,354,43,51.58,42.13,2578.86,0,16,327,57
879,-506.02006280628905,5.75,11.73,375,44,51.35,42.13,2567.56,0,23,320,57
880,-557.600650488701,4.75,12.32,357,44,52.43,42.13,2621.51,0,19,324,57
881,-508.9379315450815,4.5,13.47,334,45,51.52,42.13,2575.97,0,18,325,57
882,-537.4431043020966,3.5,10.77,325,35,52.09,42.13,2604.66,0,14,329,57
883,-555.3439533345625,4.5,13.02,338,44,52.44,42.13,2621.75,0,18,325,57
884,-517.6968550168497,4.25,13.95,344,48,51.67,42.13,2583.72,0,17,326,57
885,-535.9719971251458,4.25,11.78,348,41,52.02,42.13,2600.76,0,17,326,57
886,-543.6438737911202,4.25,12.46,353,44,52.16,42.13,2608.08,0,17,326,57
887,-568.3940982744322,4.75,12.13,338,41,52.69,42.13,2634.5,0,19,324,57
888,-535.4871458403793,4.0,14.07,334,47,52.05,42.13,2602.72,0,16,327,57
889,-499.72376030474527,4.0,12.95,363,47,51.26,42.13,2563.14,0,16,327,57
890,-527.4186579250711,4.5,13.35,352,47,51.85,42.13,2592.29,0,18,325,57
891,-531.8477383390588,3.75,12.79,344,44,51.95,42.13,2597.47,0,15,328,57
892,-540.1486684606097,5.25,12.43,346,43,52.11,42.13,2605.4,0,21,322,57
893,-506.2026906085132,4.75,12.54,351,44,51.42,42.13,2570.9,0,19,324,57
894,-507.19181600708424,5.0,12.64,356,45,51.43,42.13,2571.33,0,20,323,57
895,-642.422446311038,5.0,12.4,363,45,54.11,42.13,2705.64,0,20,323,57
896,-660.581110334806,3.5,12.02,341,41,54.53,42.13,2726.29,0,14,329,57
897,-578.2452656274252,4.25,11.29,363,41,52.82,42.13,2641.07,0,17,326,57
898,-518.9259100867222,4.5,13.35,367,49,51.64,42.13,2582.02,0,18,325,57
899,-562.4684607606457,2.75,11.94,335,40,52.58,42.13,2628.87,0,11,332,57
900,-562.8400815287195,4.5,10.74,363,39,52.51,42.13,2625.46,0,18,325,57
901,-517.9302345663975,4.0,12.1,347,42,51.66,42.13,2582.95,0,16,327,57
902,-484.1300662175143,4.25,14.71,340,50,51.02,42.13,2550.87,0,17,326,57
903,-536.1640398368168,4.25,12.95,332,43,52.07,42.13,2603.26,0,17,326,57
904,-576.9835077156981,4.25,11.48,366,42,52.79,42.13,2639.51,0,17,326,57
905,-509.7547756042801,4.0,13.41,343,46,51.51,42.13,2575.7,0,16,327,57
906,-520.7187428735666,5.5,14.87,343,51,51.74,42.13,2587.17,0,22,321,57
907,-500.10324046523897,4.75,12.83,382,49,51.22,42.13,2561.23,0,19,324,57
908,-755.381988371642,4.5,11.83,355,42,56.39,42.13,2819.35,0,18,325,57
909,-812.6836979218051,3.5,10.95,338,37,57.57,42.13,2878.39,0,14,329,57
910,-824.0040880005097,4.0,13.17,319,42,57.85,42.13,2892.71,0,16,327,57
911,-866.8709407363754,4.0,12.97,347,45,58.64,42.13,2932.2,0,16,327,57
912,-802.8090285875913,5.25,13.28,354,47,57.35,42.13,2867.41,0,21,322,57
913,-826.7102052154052,4.75,11.83,372,44,57.77,42.13,2888.65,0,19,324,57
914,-542.609390972695,4.25,11.33,362,41,52.11,42.13,2605.56,0,17,326,57
915,-514.4407813701806,3.5,11.68,334,39,51.62,42.13,2580.87,0,14,329,57
916,-769.3812099032721,5.0,14.74,346,51,56.71,42.13,2835.44,0,20,323,57
917,-842.929829876853,3.25,11.82,330,39,58.2,42.13,2909.89,0,13,330,57
918,-668.1713421579526,5.5,13.73,335,46,54.7,42.13,2735.17,0,22,321,57
919,-498.8329769198075,5.5,15.68,338,53,51.32,42.13,2566.14,0,22,321,57
920,-499.4342405069204,4.0,13.54,325,44,51.35,42.13,2567.55,0,16,327,57
921,-488.10800208309473,5.5,15.06,352,53,51.07,42.13,2553.58,0,22,321,57
922,-509.9020744793734,5.5,14.74,346,51,51.52,42.13,2575.96,0,22,321,57
923,-524.2246806332186,4.5,12.29,358,44,51.76,42.13,2588.0,0,18,325,57
924,-493.1248097137824,4.5,14.53,358,52,51.15,42.13,2557.7,0,18,325,57
925,-530.2508663136784,4.0,12.39,339,42,51.93,42.13,2596.33,0,16,327,57
926,-848.196948317848,3.5,12.61,341,43,58.28,42.13,2914.11,0,14,329,57
927,-805.4822641257764,5.0,12.75,345,44,57.42,42.13,2870.97,0,20,323,57
928,-894.9994990855384,3.0,10.24,332,34,59.22,42.13,2961.2,0,12,331,57
929,-785.6607652755487,5.25,12.63,372,47,56.96,42.13,2847.9,0,21,322,57
930,-825.6834435176476,3.25,11.73,341,40,57.83,42.13,2891.3,0,13,330,57
931,-669.5961178530379,3.75,10.56,341,36,54.7,42.13,2734.81,0,15,328,57
932,-806.2045625526829,4.5,12.32,341,42,57.44,42.13,2872.02,0,18,325,57
933,-842.2697197720927,4.25,14.53,344,50,58.17,42.13,2908.49,0,17,326,57
934,-756.6001865376355,4.25,13.04,345,45,56.44,42.13,2822.19,0,17,326,57
935,-857.420090299529,3.75,11.01,345,38,58.45,42.13,2922.31,0,15,328,57
936,-785.8880991582788,3.25,11.61,353,41,57.0,42.13,2850.02,0,13,330,57
937,-747.5246394970238,5.25,14.37,348,50,56.26,42.13,2813.22,0,21,322,57
938,-821.8442537890779,5.0,13.17,372,49,57.69,42.13,2884.28,0,20,323,57
939,-833.53807629055,5.0,14.16,346,49,57.99,42.13,2899.39,0,20,323,57
940,-777.9619851298362,4.75,12.5,328,41,56.91,42.13,2845.38,0,19,324,57
941,-821.0925175906239,5.25,13.84,354,49,57.72,42.13,2885.9,0,21,322,57
942,-852.3949814957695,4.5,14.08,355,50,58.34,42.13,2917.17,0,18,325,57
943,-566.2045208175894,3.25,10.64,357,38,52.59,42.13,2629.51,0,13,330,57
944,-817.7432439873655,4.75,13.92,309,43,57.76,42.13,2887.86,0,19,324,57
945,-829.1873856951119,4.25,11.3,345,39,57.88,42.13,2894.17,0,17,326,57
946,-828.5191504680926,4.5,11.94,360,43,57.84,42.13,2891.93,0,18,325,57
947,-785.5244298627092,5.25,12.47,361,45,56.98,42.13,2849.01,0,21,322,57
948,-872.5377885558427,4.25,12.64,348,44,58.75,42.13,2937.63,0,17,326,57
949,-650.0142818493161,5.75,11.98,359,43,54.27,42.13,2713.56,0,23,320,57
950,-561.4313166890664,3.5,10.85,341,37,52.53,42.13,2626.74,0,14,329,57
951,-530.0044066369954,3.0,10.53,342,36,51.9,42.13,2595.09,0,12,331,57
952,-780.3405005485141,3.5,10.0,340,34,56.91,42.13,2845.49,0,14,329,57
953,-854.0105096310502,3.5,11.01,336,37,58.4,42.13,2919.98,0,14,329,57
954,-825.2382179606684,5.0,12.61,333,42,57.84,42.13,2892.1,0,20,323,57
955,-887.1175957381163,3.5,12.73,322,41,59.11,42.13,2955.33,0,14,329,57
956,-837.1575603866884,5.5,14.05,370,52,58.0,42.13,2900.16,0,22,321,57
957,-809.9393262461543,5.5,12.64,348,44,57.5,42.13,2875.03,0,22,321,57
958,-774.7914064988718,2.75,9.47,338,32,56.8,42.13,2840.0,0,11,332,57
959,-828.1415741015007,3.75,10.64,329,35,57.9,42.13,2894.83,0,15,328,57
960,-526.2643876676477,4.75,12.75,353,45,51.82,42.13,2590.8,0,19,324,57
961,-586.97933070632,3.5,12.46,353,44,53.03,42.13,2651.41,0,14,329,57
962,-506.07287632761535,3.75,11.67,360,42,51.39,42.13,2569.39,0,15,328,57
963,-566.5561876219334,5.0,13.04,345,45,52.64,42.13,2632.14,0,20,323,57
964,-520.6735672366688,4.5,13.14,350,46,51.71,42.13,2585.7,0,18,325,57
965,-518.8923585926261,4.75,10.73,354,38,51.65,42.13,2582.6,0,19,324,57
966,-526.1409505468282,4.25,14.33,342,49,51.85,42.13,2592.52,0,17,326,57
967,-501.8175765979964,4.5,11.45,332,38,51.37,42.13,2568.41,0,18,325,57
968,-518.5402177140537,3.75,11.11,342,38,51.68,42.13,2583.82,0,15,328,57
969,-543.7881373753066,4.0,12.61,357,45,52.16,42.13,2607.8,0,16,327,57
970,-513.060248596278,3.25,10.14,345,35,51.55,42.13,2577.65,0,13,330,57
971,-528.6088466157579,4.75,13.89,360,50,51.85,42.13,2592.72,0,19,324,57
972,-592.9454541519409,3.75,13.1,336,44,53.19,42.13,2659.62,0,15,328,57
973,-519.5393243097484,4.5,14.66,348,51,51.71,42.13,2585.33,0,18,325,57
974,-760.4877620706072,4.75,12.3,366,45,56.47,42.13,2823.31,0,19,324,57
975,-829.7886090402422,5.75,11.4,351,40,57.88,42.13,2894.09,0,23,320,57
976,-815.6665012966721,5.5,12.99,331,43,57.66,42.13,2882.89,0,22,321,57
977,-536.3194520124018,4.5,12.93,348,45,52.03,42.13,2601.51,0,18,325,57
978,-511.43289251557695,4.5,12.68,347,44,51.53,42.13,2576.66,0,18,325,57
979,-487.75225990721765,4.0,11.36,352,40,51.04,42.13,2551.92,0,16,327,57
980,-522.8230747514483,6.25,13.56,354,48,51.75,42.13,2587.53,0,25,318,57
981,-492.07378125243497,5.25,13.15,365,48,51.11,42.13,2555.33,0,21,322,57
982,-524.1489011626422,3.0,9.45,328,31,51.81,42.13,2590.57,0,12,331,57
983,-610.465882675034,4.0,13.33,345,46,53.52,42.13,2676.15,0,16,327,57
984,-537.1253912527288,4.75,12.17,337,41,52.07,42.13,2603.36,0,19,324,57
985,-526.765909250618,4.5,13.08,367,48,51.8,42.13,2589.76,0,18,325,57
986,-545.8700649314983,5.0,11.63,361,42,52.18,42.13,2609.05,0,20,323,57
987,-540.8002617844509,3.25,10.99,355,39,52.09,42.13,2604.47,0,13,330,57
988,-513.5520170295152,4.0,10.22,362,37,51.52,42.13,2576.1,0,16,327,57
989,-517.2194236551343,4.5,11.11,351,39,51.63,42.13,2581.42,0,18,325,57
990,-516.7907507062772,4.5,14.29,350,50,51.64,42.13,2582.22,0,18,325,57
991,-678.1248110808459,4.0,12.28,334,41,54.9,42.13,2744.76,0,16,327,57
992,-526.5667166710615,5.0,11.78,348,41,51.83,42.13,2591.36,0,20,323,57
993,-521.8045713552009,4.75,13.26,347,46,51.74,42.13,2587.23,0,19,324,57
994,-550.6138543340795,3.75,10.84,323,35,52.36,42.13,2618.09,0,15,328,57
995,-545.1609296550122,4.5,11.86,354,42,52.19,42.13,2609.27,0,18,325,57
996,-516.8828669984216,6.0,15.0,340,51,51.67,42.13,2583.73,0,24,319,57
997,-521.8912683573582,4.0,11.9,353,42,51.72,42.13,2586.13,0,16,327,57
998,-551.7074197617094,4.5,12.68,347,44,52.34,42.13,2616.93,0,18,325,57
999,-544.1660302303906,5.75,13.65,337,46,52.22,42.13,2610.9,0,23,320,57
1000,-514.827900343332,3.25,13.98,322,45,51.67,42.13,2583.44,0,13,330,57
1001,-521.2454876866366,4.75,12.17,337,41,51.75,42.13,2587.48,0,19,324,57
1002,-577.6043322462566,4.5,12.01,333,40,52.89,42.13,2644.27,0,18,325,57
1003,-540.02595588723,5.25,12.22,352,43,52.09,42.13,2604.49,0,21,322,57
1004,-530.9714775704268,4.25,11.99,342,41,51.93,42.13,2596.55,0,17,326,57
1005,-545.9332940999593,4.0,13.06,337,44,52.25,42.13,2612.47,0,16,327,57
1006,-526.9823500599788,4.75,12.24,335,41,51.87,42.13,2593.48,0,19,324,57
1007,-820.122098073018,4.25,12.09,339,41,57.72,42.13,2886.1,0,17,326,57
1008,-836.0859733246687,5.0,13.45,342,46,58.04,42.13,2902.17,0,20,323,57
1009,-801.0855080184655,5.0,12.68,355,45,57.31,42.13,2865.36,0,20,323,57
1010,-789.7398980742304,4.5,13.21,371,49,57.05,42.13,2852.31,0,18,325,57
1011,-837.8660895874019,4.75,13.73,357,49,58.05,42.13,2902.28,0,19,324,57
1012,-838.1599479404603,2.75,10.31,359,37,58.02,42.13,2901.11,0,11,332,57
1013,-809.5990137512192,4.5,11.11,378,42,57.41,42.13,2870.55,0,18,325,57
1014,-751.2684260280147,4.75,12.29,358,44,56.3,42.13,2815.05,0,19,324,57
1015,-563.7911637614899,4.75,13.93,323,45,52.65,42.13,2632.27,0,19,324,57
1016,-528.9109098420263,4.5,12.36,348,43,51.88,42.13,2593.9,0,18,325,57
1017,-521.3086953074259,4.5,12.79,344,44,51.74,42.13,2586.93,0,18,325,57
1018,-542.2824292975895,3.25,10.22,323,33,52.19,42.13,2609.56,0,13,330,57
1019,-535.4417449609799,5.0,14.68,361,53,51.99,42.13,2599.73,0,20,323,57
1020,-495.57643519010384,5.25,15.25,341,52,51.25,42.13,2562.39,0,21,322,57
1021,-540.9548484076678,4.5,11.68,351,41,52.11,42.13,2605.35,0,18,325,57
1022,-522.561338547669,4.75,13.08,344,45,51.77,42.13,2588.28,0,19,324,57
1023,-532.6147663541263,3.75,11.01,336,37,51.97,42.13,2598.59,0,15,328,57
1024,-507.87832040192933,3.75,11.83,338,40,51.48,42.13,2573.89,0,15,328,57
