op_num,timestamp,operation,chunk_id,tier,latency_ms,detail,l1_count,l2_count,l3_count,l1_mb,l2_mb,l3_mb
1,1774895838.8498812,access,0,MISS,1.0424,Cold recompute,1,0,0,3.15,0.0,0.0
2,1774895838.850628,access,1,MISS,0.3848,Cold recompute,2,0,0,6.29,0.0,0.0
3,1774895838.8511713,access,2,MISS,0.2634,Cold recompute,3,0,0,9.44,0.0,0.0
4,1774895838.8517792,access,3,MISS,0.3215,Cold recompute,4,0,0,12.58,0.0,0.0
5,1774895838.8523257,access,4,MISS,0.2744,Cold recompute,5,0,0,15.73,0.0,0.0
6,1774895838.8528335,access,5,MISS,0.2345,Cold recompute,6,0,0,18.87,0.0,0.0
7,1774895838.8539717,access,6,MISS,0.8489,Cold recompute,7,0,0,22.02,0.0,0.0
8,1774895838.8544748,access,7,MISS,0.2295,Cold recompute,8,0,0,25.17,0.0,0.0
9,1774895838.8571916,access,0,L1,0.7578,GPU VRAM hit,8,0,0,25.17,0.0,0.0
10,1774895838.8577871,access,1,L1,0.3052,GPU VRAM hit,8,0,0,25.17,0.0,0.0
11,1774895838.858306,access,2,L1,0.258,GPU VRAM hit,8,0,0,25.17,0.0,0.0
12,1774895838.8589249,access,3,L1,0.2918,GPU VRAM hit,8,0,0,25.17,0.0,0.0
13,1774895838.8594494,access,4,L1,0.2348,GPU VRAM hit,8,0,0,25.17,0.0,0.0
14,1774895838.8600147,access,5,L1,0.3204,GPU VRAM hit,8,0,0,25.17,0.0,0.0
15,1774895838.8606222,access,6,L1,0.3308,GPU VRAM hit,8,0,0,25.17,0.0,0.0
16,1774895838.861375,access,8,MISS,0.4148,Cold recompute,9,0,0,28.31,0.0,0.0
17,1774895838.862599,access,0,L1,0.1526,GPU VRAM hit,9,0,0,28.31,0.0,0.0
18,1774895838.8630376,access,1,L1,0.2058,GPU VRAM hit,9,0,0,28.31,0.0,0.0
19,1774895838.8634498,access,2,L1,0.1836,GPU VRAM hit,9,0,0,28.31,0.0,0.0
20,1774895838.8638349,access,3,L1,0.1812,GPU VRAM hit,9,0,0,28.31,0.0,0.0
21,1774895838.8642123,access,4,L1,0.1782,GPU VRAM hit,9,0,0,28.31,0.0,0.0
22,1774895838.8646085,access,5,L1,0.1995,GPU VRAM hit,9,0,0,28.31,0.0,0.0
23,1774895838.8649802,access,6,L1,0.1751,GPU VRAM hit,9,0,0,28.31,0.0,0.0
24,1774895838.865467,access,9,MISS,0.258,Cold recompute,10,0,0,31.46,0.0,0.0
25,1774895838.8665013,access,0,L1,0.0932,GPU VRAM hit,10,0,0,31.46,0.0,0.0
26,1774895838.8669968,access,1,L1,0.2291,GPU VRAM hit,10,0,0,31.46,0.0,0.0
27,1774895838.8675194,access,2,L1,0.2519,GPU VRAM hit,10,0,0,31.46,0.0,0.0
28,1774895838.8681777,access,3,L1,0.3195,GPU VRAM hit,10,0,0,31.46,0.0,0.0
29,1774895838.8688428,access,4,L1,0.3584,GPU VRAM hit,10,0,0,31.46,0.0,0.0
30,1774895838.8694952,access,5,L1,0.2962,GPU VRAM hit,10,0,0,31.46,0.0,0.0
31,1774895838.8701446,access,6,L1,0.3422,GPU VRAM hit,10,0,0,31.46,0.0,0.0
32,1774895838.8708649,access,10,MISS,0.4004,Cold recompute,11,0,0,34.6,0.0,0.0
33,1774895838.8721406,access,0,L1,0.1638,GPU VRAM hit,11,0,0,34.6,0.0,0.0
34,1774895838.8727179,access,1,L1,0.2959,GPU VRAM hit,11,0,0,34.6,0.0,0.0
35,1774895838.8732076,access,2,L1,0.2343,GPU VRAM hit,11,0,0,34.6,0.0,0.0
36,1774895838.8737354,access,3,L1,0.2652,GPU VRAM hit,11,0,0,34.6,0.0,0.0
37,1774895838.8742733,access,4,L1,0.269,GPU VRAM hit,11,0,0,34.6,0.0,0.0
38,1774895838.8748703,access,5,L1,0.2785,GPU VRAM hit,11,0,0,34.6,0.0,0.0
39,1774895838.8759813,access,6,L1,0.8803,GPU VRAM hit,11,0,0,34.6,0.0,0.0
40,1774895838.876934,access,11,MISS,0.6266,Cold recompute,12,0,0,37.75,0.0,0.0
41,1774895838.8781478,access,0,L1,0.2133,GPU VRAM hit,12,0,0,37.75,0.0,0.0
42,1774895838.8785884,access,1,L1,0.1874,GPU VRAM hit,12,0,0,37.75,0.0,0.0
43,1774895838.8788242,access,2,L1,0.095,GPU VRAM hit,12,0,0,37.75,0.0,0.0
44,1774895838.8790138,access,3,L1,0.084,GPU VRAM hit,12,0,0,37.75,0.0,0.0
45,1774895838.8791902,access,4,L1,0.0778,GPU VRAM hit,12,0,0,37.75,0.0,0.0
46,1774895838.8794804,access,5,L1,0.0781,GPU VRAM hit,12,0,0,37.75,0.0,0.0
47,1774895838.8796582,access,6,L1,0.0781,GPU VRAM hit,12,0,0,37.75,0.0,0.0
48,1774895838.881034,access,12,MISS,1.2798,Cold recompute,13,0,0,40.89,0.0,0.0
49,1774895838.8818164,access,0,L1,0.1228,GPU VRAM hit,13,0,0,40.89,0.0,0.0
50,1774895838.8820848,access,1,L1,0.1005,GPU VRAM hit,13,0,0,40.89,0.0,0.0
51,1774895838.882289,access,2,L1,0.082,GPU VRAM hit,13,0,0,40.89,0.0,0.0
52,1774895838.883423,access,3,L1,0.03,GPU VRAM hit,13,0,0,40.89,0.0,0.0
53,1774895838.8836398,access,4,L1,0.0847,GPU VRAM hit,13,0,0,40.89,0.0,0.0
54,1774895838.8838,access,5,L1,0.0707,GPU VRAM hit,13,0,0,40.89,0.0,0.0
55,1774895838.8839695,access,6,L1,0.0726,GPU VRAM hit,13,0,0,40.89,0.0,0.0
56,1774895838.8842578,access,13,MISS,0.1928,Cold recompute,14,0,0,44.04,0.0,0.0
57,1774895838.8856874,access,0,L1,0.0819,GPU VRAM hit,14,0,0,44.04,0.0,0.0
58,1774895838.8860078,access,1,L1,0.1621,GPU VRAM hit,14,0,0,44.04,0.0,0.0
59,1774895838.8861833,access,2,L1,0.078,GPU VRAM hit,14,0,0,44.04,0.0,0.0
60,1774895838.8863587,access,3,L1,0.0696,GPU VRAM hit,14,0,0,44.04,0.0,0.0
61,1774895838.886544,access,4,L1,0.0758,GPU VRAM hit,14,0,0,44.04,0.0,0.0
62,1774895838.8866854,access,5,L1,0.0635,GPU VRAM hit,14,0,0,44.04,0.0,0.0
63,1774895838.8868222,access,6,L1,0.0602,GPU VRAM hit,14,0,0,44.04,0.0,0.0
64,1774895838.8870811,access,14,MISS,0.178,Cold recompute,15,0,0,47.19,0.0,0.0
65,1774895838.8876977,access,0,L1,0.127,GPU VRAM hit,15,0,0,47.19,0.0,0.0
66,1774895838.8878605,access,1,L1,0.0684,GPU VRAM hit,15,0,0,47.19,0.0,0.0
67,1774895838.8879998,access,2,L1,0.0614,GPU VRAM hit,15,0,0,47.19,0.0,0.0
68,1774895838.888129,access,3,L1,0.0575,GPU VRAM hit,15,0,0,47.19,0.0,0.0
69,1774895838.88828,access,4,L1,0.0604,GPU VRAM hit,15,0,0,47.19,0.0,0.0
70,1774895838.8884583,access,5,L1,0.0655,GPU VRAM hit,15,0,0,47.19,0.0,0.0
71,1774895838.888632,access,6,L1,0.0717,GPU VRAM hit,15,0,0,47.19,0.0,0.0
72,1774895838.8888571,access,15,MISS,0.1291,Cold recompute,16,0,0,50.33,0.0,0.0
73,1774895838.889338,access,0,L1,0.1033,GPU VRAM hit,16,0,0,50.33,0.0,0.0
74,1774895838.8895774,access,1,L1,0.1077,GPU VRAM hit,16,0,0,50.33,0.0,0.0
75,1774895838.8897474,access,2,L1,0.0768,GPU VRAM hit,16,0,0,50.33,0.0,0.0
76,1774895838.8899,access,3,L1,0.0696,GPU VRAM hit,16,0,0,50.33,0.0,0.0
77,1774895838.8900547,access,4,L1,0.0676,GPU VRAM hit,16,0,0,50.33,0.0,0.0
78,1774895838.890249,access,5,L1,0.0694,GPU VRAM hit,16,0,0,50.33,0.0,0.0
79,1774895838.8904207,access,6,L1,0.0668,GPU VRAM hit,16,0,0,50.33,0.0,0.0
80,1774895838.8924654,evict_l1_to_l2,7,L1→L2,1.6886,,15,1,0,47.19,3.15,0.0
81,1774895838.892643,access,16,MISS,2.108,Cold recompute,16,1,0,50.33,3.15,0.0
82,1774895838.8936234,access,0,L1,0.378,GPU VRAM hit,16,1,0,50.33,3.15,0.0
83,1774895838.8939981,access,1,L1,0.1885,GPU VRAM hit,16,1,0,50.33,3.15,0.0
84,1774895838.8941817,access,2,L1,0.0882,GPU VRAM hit,16,1,0,50.33,3.15,0.0
85,1774895838.8943214,access,3,L1,0.0614,GPU VRAM hit,16,1,0,50.33,3.15,0.0
86,1774895838.8945322,access,4,L1,0.1097,GPU VRAM hit,16,1,0,50.33,3.15,0.0
87,1774895838.8947453,access,5,L1,0.0769,GPU VRAM hit,16,1,0,50.33,3.15,0.0
88,1774895838.8949559,access,6,L1,0.0634,GPU VRAM hit,16,1,0,50.33,3.15,0.0
89,1774895838.897091,evict_l1_to_l2,8,L1→L2,1.8342,,15,2,0,47.19,6.29,0.0
90,1774895838.8971894,access,17,MISS,2.1498,Cold recompute,16,2,0,50.33,6.29,0.0
91,1774895838.8979228,access,0,L1,0.2935,GPU VRAM hit,16,2,0,50.33,6.29,0.0
92,1774895838.898092,access,1,L1,0.0758,GPU VRAM hit,16,2,0,50.33,6.29,0.0
93,1774895838.8982627,access,2,L1,0.0696,GPU VRAM hit,16,2,0,50.33,6.29,0.0
94,1774895838.8984244,access,3,L1,0.0633,GPU VRAM hit,16,2,0,50.33,6.29,0.0
95,1774895838.8986642,access,4,L1,0.129,GPU VRAM hit,16,2,0,50.33,6.29,0.0
96,1774895838.8989182,access,5,L1,0.1147,GPU VRAM hit,16,2,0,50.33,6.29,0.0
97,1774895838.8991094,access,6,L1,0.0828,GPU VRAM hit,16,2,0,50.33,6.29,0.0
98,1774895838.9008777,evict_l1_to_l2,9,L1→L2,1.4975,,15,3,0,47.19,9.44,0.0
99,1774895838.900983,access,18,MISS,1.7885,Cold recompute,16,3,0,50.33,9.44,0.0
100,1774895838.9017198,access,0,L1,0.3079,GPU VRAM hit,16,3,0,50.33,9.44,0.0
101,1774895838.901904,access,1,L1,0.0809,GPU VRAM hit,16,3,0,50.33,9.44,0.0
102,1774895838.902065,access,2,L1,0.0699,GPU VRAM hit,16,3,0,50.33,9.44,0.0
103,1774895838.9022193,access,3,L1,0.0685,GPU VRAM hit,16,3,0,50.33,9.44,0.0
104,1774895838.9023695,access,4,L1,0.0676,GPU VRAM hit,16,3,0,50.33,9.44,0.0
105,1774895838.9025528,access,5,L1,0.0696,GPU VRAM hit,16,3,0,50.33,9.44,0.0
106,1774895838.9027033,access,6,L1,0.0676,GPU VRAM hit,16,3,0,50.33,9.44,0.0
107,1774895838.9048507,evict_l1_to_l2,10,L1→L2,1.8627,,15,4,0,47.19,12.58,0.0
108,1774895838.9049551,access,19,MISS,2.1634,Cold recompute,16,4,0,50.33,12.58,0.0
109,1774895838.9056304,access,0,L1,0.2898,GPU VRAM hit,16,4,0,50.33,12.58,0.0
110,1774895838.905821,access,1,L1,0.0829,GPU VRAM hit,16,4,0,50.33,12.58,0.0
111,1774895838.9059834,access,2,L1,0.0725,GPU VRAM hit,16,4,0,50.33,12.58,0.0
112,1774895838.906146,access,3,L1,0.069,GPU VRAM hit,16,4,0,50.33,12.58,0.0
113,1774895838.9063044,access,4,L1,0.0698,GPU VRAM hit,16,4,0,50.33,12.58,0.0
114,1774895838.906499,access,5,L1,0.083,GPU VRAM hit,16,4,0,50.33,12.58,0.0
115,1774895838.9066534,access,6,L1,0.0687,GPU VRAM hit,16,4,0,50.33,12.58,0.0
116,1774895838.9088266,evict_l1_to_l2,11,L1→L2,1.9024,,15,5,0,47.19,15.73,0.0
117,1774895838.9089274,access,20,MISS,2.1858,Cold recompute,16,5,0,50.33,15.73,0.0
118,1774895838.90961,access,0,L1,0.291,GPU VRAM hit,16,5,0,50.33,15.73,0.0
119,1774895838.9098108,access,1,L1,0.087,GPU VRAM hit,16,5,0,50.33,15.73,0.0
120,1774895838.9099731,access,2,L1,0.0717,GPU VRAM hit,16,5,0,50.33,15.73,0.0
121,1774895838.910126,access,3,L1,0.0686,GPU VRAM hit,16,5,0,50.33,15.73,0.0
122,1774895838.910281,access,4,L1,0.0689,GPU VRAM hit,16,5,0,50.33,15.73,0.0
123,1774895838.9104676,access,5,L1,0.082,GPU VRAM hit,16,5,0,50.33,15.73,0.0
124,1774895838.9106228,access,6,L1,0.0695,GPU VRAM hit,16,5,0,50.33,15.73,0.0
125,1774895838.9130757,evict_l1_to_l2,12,L1→L2,2.0946,,15,6,0,47.19,18.87,0.0
126,1774895838.9133039,access,21,MISS,2.5535,Cold recompute,16,6,0,50.33,18.87,0.0
127,1774895838.9144456,access,0,L1,0.3917,GPU VRAM hit,16,6,0,50.33,18.87,0.0
128,1774895838.9149005,access,1,L1,0.2253,GPU VRAM hit,16,6,0,50.33,18.87,0.0
129,1774895838.9152193,access,2,L1,0.1413,GPU VRAM hit,16,6,0,50.33,18.87,0.0
130,1774895838.915464,access,3,L1,0.0882,GPU VRAM hit,16,6,0,50.33,18.87,0.0
131,1774895838.9157486,access,4,L1,0.1351,GPU VRAM hit,16,6,0,50.33,18.87,0.0
132,1774895838.9161046,access,5,L1,0.169,GPU VRAM hit,16,6,0,50.33,18.87,0.0
133,1774895838.916499,access,6,L1,0.1605,GPU VRAM hit,16,6,0,50.33,18.87,0.0
134,1774895838.9191434,evict_l1_to_l2,13,L1→L2,2.1511,,15,7,0,47.19,22.02,0.0
135,1774895838.9192832,access,22,MISS,2.6113,Cold recompute,16,7,0,50.33,22.02,0.0
136,1774895838.9201837,access,0,L1,0.3284,GPU VRAM hit,16,7,0,50.33,22.02,0.0
137,1774895838.9204373,access,1,L1,0.0983,GPU VRAM hit,16,7,0,50.33,22.02,0.0
138,1774895838.9206522,access,2,L1,0.0909,GPU VRAM hit,16,7,0,50.33,22.02,0.0
139,1774895838.9208333,access,3,L1,0.0819,GPU VRAM hit,16,7,0,50.33,22.02,0.0
140,1774895838.9210155,access,4,L1,0.0809,GPU VRAM hit,16,7,0,50.33,22.02,0.0
141,1774895838.9212148,access,5,L1,0.0819,GPU VRAM hit,16,7,0,50.33,22.02,0.0
142,1774895838.921391,access,6,L1,0.0778,GPU VRAM hit,16,7,0,50.33,22.02,0.0
143,1774895838.9237537,evict_l1_to_l2,14,L1→L2,2.0033,,15,8,0,47.19,25.17,0.0
144,1774895838.923869,access,23,MISS,2.3474,Cold recompute,16,8,0,50.33,25.17,0.0
145,1774895838.9246147,access,0,L1,0.2976,GPU VRAM hit,16,8,0,50.33,25.17,0.0
146,1774895838.924842,access,1,L1,0.1016,GPU VRAM hit,16,8,0,50.33,25.17,0.0
147,1774895838.9250283,access,2,L1,0.0851,GPU VRAM hit,16,8,0,50.33,25.17,0.0
148,1774895838.9252052,access,3,L1,0.0802,GPU VRAM hit,16,8,0,50.33,25.17,0.0
149,1774895838.9253852,access,4,L1,0.0806,GPU VRAM hit,16,8,0,50.33,25.17,0.0
150,1774895838.9256353,access,5,L1,0.0838,GPU VRAM hit,16,8,0,50.33,25.17,0.0
151,1774895838.9258904,access,6,L1,0.1239,GPU VRAM hit,16,8,0,50.33,25.17,0.0
152,1774895838.9281883,evict_l1_to_l2,15,L1→L2,1.9815,,15,9,0,47.19,28.31,0.0
153,1774895838.928304,access,24,MISS,2.3072,Cold recompute,16,9,0,50.33,28.31,0.0
154,1774895838.92907,access,0,L1,0.2975,GPU VRAM hit,16,9,0,50.33,28.31,0.0
155,1774895838.929277,access,1,L1,0.0931,GPU VRAM hit,16,9,0,50.33,28.31,0.0
156,1774895838.9295015,access,2,L1,0.1198,GPU VRAM hit,16,9,0,50.33,28.31,0.0
157,1774895838.929719,access,3,L1,0.1014,GPU VRAM hit,16,9,0,50.33,28.31,0.0
158,1774895838.929906,access,4,L1,0.0811,GPU VRAM hit,16,9,0,50.33,28.31,0.0
159,1774895838.9300904,access,5,L1,0.0809,GPU VRAM hit,16,9,0,50.33,28.31,0.0
160,1774895838.9302702,access,6,L1,0.0778,GPU VRAM hit,16,9,0,50.33,28.31,0.0
161,1774895838.932801,evict_l1_to_l2,16,L1→L2,2.0803,,15,10,0,47.19,31.46,0.0
162,1774895838.9330325,access,25,MISS,2.6066,Cold recompute,16,10,0,50.33,31.46,0.0
163,1774895838.934382,access,0,L1,0.4097,GPU VRAM hit,16,10,0,50.33,31.46,0.0
164,1774895838.9349282,access,1,L1,0.2079,GPU VRAM hit,16,10,0,50.33,31.46,0.0
165,1774895838.9353657,access,2,L1,0.1853,GPU VRAM hit,16,10,0,50.33,31.46,0.0
166,1774895838.9358497,access,3,L1,0.2107,GPU VRAM hit,16,10,0,50.33,31.46,0.0
167,1774895838.936292,access,4,L1,0.1906,GPU VRAM hit,16,10,0,50.33,31.46,0.0
168,1774895838.9367907,access,5,L1,0.1853,GPU VRAM hit,16,10,0,50.33,31.46,0.0
169,1774895838.93719,access,6,L1,0.1639,GPU VRAM hit,16,10,0,50.33,31.46,0.0
170,1774895838.9400873,evict_l1_to_l2,17,L1→L2,2.3606,,15,11,0,47.19,34.6,0.0
171,1774895838.9402633,access,26,MISS,2.911,Cold recompute,16,11,0,50.33,34.6,0.0
172,1774895838.9413123,access,0,L1,0.3449,GPU VRAM hit,16,11,0,50.33,34.6,0.0
173,1774895838.9416776,access,1,L1,0.1424,GPU VRAM hit,16,11,0,50.33,34.6,0.0
174,1774895838.9420493,access,2,L1,0.1748,GPU VRAM hit,16,11,0,50.33,34.6,0.0
175,1774895838.9425256,access,3,L1,0.2212,GPU VRAM hit,16,11,0,50.33,34.6,0.0
176,1774895838.9430017,access,4,L1,0.2171,GPU VRAM hit,16,11,0,50.33,34.6,0.0
177,1774895838.9435742,access,5,L1,0.2671,GPU VRAM hit,16,11,0,50.33,34.6,0.0
178,1774895838.943891,access,6,L1,0.1444,GPU VRAM hit,16,11,0,50.33,34.6,0.0
179,1774895838.946688,evict_l1_to_l2,18,L1→L2,2.3245,,15,12,0,47.19,37.75,0.0
180,1774895838.9469054,access,27,MISS,2.8548,Cold recompute,16,12,0,50.33,37.75,0.0
181,1774895838.9479496,access,0,L1,0.3204,GPU VRAM hit,16,12,0,50.33,37.75,0.0
182,1774895838.9482543,access,1,L1,0.1313,GPU VRAM hit,16,12,0,50.33,37.75,0.0
183,1774895838.9485645,access,2,L1,0.1597,GPU VRAM hit,16,12,0,50.33,37.75,0.0
184,1774895838.9488294,access,3,L1,0.118,GPU VRAM hit,16,12,0,50.33,37.75,0.0
185,1774895838.949102,access,4,L1,0.1159,GPU VRAM hit,16,12,0,50.33,37.75,0.0
186,1774895838.9493837,access,5,L1,0.1157,GPU VRAM hit,16,12,0,50.33,37.75,0.0
187,1774895838.9496834,access,6,L1,0.1169,GPU VRAM hit,16,12,0,50.33,37.75,0.0
188,1774895838.95267,evict_l1_to_l2,19,L1→L2,2.5405,,15,13,0,47.19,40.89,0.0
189,1774895838.9528465,access,28,MISS,3.0098,Cold recompute,16,13,0,50.33,40.89,0.0
190,1774895838.9538972,access,0,L1,0.3558,GPU VRAM hit,16,13,0,50.33,40.89,0.0
191,1774895838.9542058,access,1,L1,0.1341,GPU VRAM hit,16,13,0,50.33,40.89,0.0
192,1774895838.954514,access,2,L1,0.1516,GPU VRAM hit,16,13,0,50.33,40.89,0.0
193,1774895838.954779,access,3,L1,0.1208,GPU VRAM hit,16,13,0,50.33,40.89,0.0
194,1774895838.955039,access,4,L1,0.1147,GPU VRAM hit,16,13,0,50.33,40.89,0.0
195,1774895838.9553423,access,5,L1,0.13,GPU VRAM hit,16,13,0,50.33,40.89,0.0
196,1774895838.9556854,access,6,L1,0.1502,GPU VRAM hit,16,13,0,50.33,40.89,0.0
197,1774895838.9586537,evict_l1_to_l2,20,L1→L2,2.4577,,15,14,0,47.19,44.04,0.0
198,1774895838.958878,access,29,MISS,3.0308,Cold recompute,16,14,0,50.33,44.04,0.0
199,1774895838.95991,access,0,L1,0.3411,GPU VRAM hit,16,14,0,50.33,44.04,0.0
200,1774895838.9602232,access,1,L1,0.1344,GPU VRAM hit,16,14,0,50.33,44.04,0.0
201,1774895838.9605865,access,2,L1,0.1781,GPU VRAM hit,16,14,0,50.33,44.04,0.0
202,1774895838.9608629,access,3,L1,0.1188,GPU VRAM hit,16,14,0,50.33,44.04,0.0
203,1774895838.9611194,access,4,L1,0.1147,GPU VRAM hit,16,14,0,50.33,44.04,0.0
204,1774895838.9613903,access,5,L1,0.1137,GPU VRAM hit,16,14,0,50.33,44.04,0.0
205,1774895838.961711,access,6,L1,0.1198,GPU VRAM hit,16,14,0,50.33,44.04,0.0
206,1774895838.9645655,evict_l1_to_l2,21,L1→L2,2.3501,,15,15,0,47.19,47.19,0.0
207,1774895838.9647431,access,30,MISS,2.8755,Cold recompute,16,15,0,50.33,47.19,0.0
208,1774895838.96574,access,0,L1,0.353,GPU VRAM hit,16,15,0,50.33,47.19,0.0
209,1774895838.966046,access,1,L1,0.13,GPU VRAM hit,16,15,0,50.33,47.19,0.0
210,1774895838.9663196,access,2,L1,0.1178,GPU VRAM hit,16,15,0,50.33,47.19,0.0
211,1774895838.9666388,access,3,L1,0.1372,GPU VRAM hit,16,15,0,50.33,47.19,0.0
212,1774895838.9668982,access,4,L1,0.1136,GPU VRAM hit,16,15,0,50.33,47.19,0.0
213,1774895838.9671824,access,5,L1,0.1137,GPU VRAM hit,16,15,0,50.33,47.19,0.0
214,1774895838.967504,access,6,L1,0.1147,GPU VRAM hit,16,15,0,50.33,47.19,0.0
215,1774895838.970357,evict_l1_to_l2,22,L1→L2,2.3825,,15,16,0,47.19,50.33,0.0
216,1774895838.9705884,access,31,MISS,2.922,Cold recompute,16,16,0,50.33,50.33,0.0
217,1774895838.9716363,access,0,L1,0.3762,GPU VRAM hit,16,16,0,50.33,50.33,0.0
218,1774895838.971957,access,1,L1,0.1431,GPU VRAM hit,16,16,0,50.33,50.33,0.0
219,1774895838.9722314,access,2,L1,0.1229,GPU VRAM hit,16,16,0,50.33,50.33,0.0
220,1774895838.9725442,access,3,L1,0.1628,GPU VRAM hit,16,16,0,50.33,50.33,0.0
221,1774895838.9728134,access,4,L1,0.118,GPU VRAM hit,16,16,0,50.33,50.33,0.0
222,1774895838.973096,access,5,L1,0.1134,GPU VRAM hit,16,16,0,50.33,50.33,0.0
223,1774895838.973363,access,6,L1,0.1126,GPU VRAM hit,16,16,0,50.33,50.33,0.0
224,1774895838.9762442,evict_l1_to_l2,23,L1→L2,2.3887,,15,17,0,47.19,53.48,0.0
225,1774895838.976443,access,32,MISS,2.8482,Cold recompute,16,17,0,50.33,53.48,0.0
226,1774895838.9774652,access,0,L1,0.3408,GPU VRAM hit,16,17,0,50.33,53.48,0.0
227,1774895838.9777956,access,1,L1,0.1382,GPU VRAM hit,16,17,0,50.33,53.48,0.0
228,1774895838.9780712,access,2,L1,0.1198,GPU VRAM hit,16,17,0,50.33,53.48,0.0
229,1774895838.9783394,access,3,L1,0.1197,GPU VRAM hit,16,17,0,50.33,53.48,0.0
230,1774895838.97863,access,4,L1,0.1208,GPU VRAM hit,16,17,0,50.33,53.48,0.0
231,1774895838.978925,access,5,L1,0.1177,GPU VRAM hit,16,17,0,50.33,53.48,0.0
232,1774895838.9791877,access,6,L1,0.1126,GPU VRAM hit,16,17,0,50.33,53.48,0.0
233,1774895838.9872143,evict_l2_to_l3,7,L2→L3,4.8094,,15,16,1,47.19,50.33,3.15
234,1774895838.9873455,evict_l1_to_l2,24,L1→L2,2.3246,,15,17,1,47.19,53.48,3.15
235,1774895838.9876893,access,33,MISS,8.2994,Cold recompute,16,17,1,50.33,53.48,3.15
236,1774895838.99656,evict_l2_to_l3,8,L2→L3,4.4034,,16,16,1,50.33,50.33,3.15
237,1774895838.996677,prefetch,7,L3→L2,8.4803,,16,17,1,50.33,53.48,3.15
238,1774895838.99763,access,0,L1,0.4865,GPU VRAM hit,16,17,1,50.33,53.48,3.15
239,1774895838.9980285,access,1,L1,0.1823,GPU VRAM hit,16,17,1,50.33,53.48,3.15
240,1774895838.998352,access,2,L1,0.129,GPU VRAM hit,16,17,1,50.33,53.48,3.15
241,1774895838.9986694,access,3,L1,0.1249,GPU VRAM hit,16,17,1,50.33,53.48,3.15
242,1774895838.9989312,access,4,L1,0.1158,GPU VRAM hit,16,17,1,50.33,53.48,3.15
243,1774895838.9991853,access,5,L1,0.1116,GPU VRAM hit,16,17,1,50.33,53.48,3.15
244,1774895838.9995036,access,6,L1,0.127,GPU VRAM hit,16,17,1,50.33,53.48,3.15
245,1774895839.0074399,evict_l2_to_l3,9,L2→L3,4.6489,,15,16,2,47.19,50.33,6.29
246,1774895839.0075727,evict_l1_to_l2,25,L1→L2,2.4497,,15,17,2,47.19,53.48,6.29
247,1774895839.0078478,access,34,MISS,8.142,Cold recompute,16,17,2,50.33,53.48,6.29
248,1774895839.0090218,access,0,L1,0.364,GPU VRAM hit,16,17,2,50.33,53.48,6.29
249,1774895839.009373,access,1,L1,0.1437,GPU VRAM hit,16,17,2,50.33,53.48,6.29
250,1774895839.0097106,access,2,L1,0.1297,GPU VRAM hit,16,17,2,50.33,53.48,6.29
251,1774895839.0099733,access,3,L1,0.1149,GPU VRAM hit,16,17,2,50.33,53.48,6.29
252,1774895839.0102327,access,4,L1,0.1146,GPU VRAM hit,16,17,2,50.33,53.48,6.29
253,1774895839.0105042,access,5,L1,0.1277,GPU VRAM hit,16,17,2,50.33,53.48,6.29
254,1774895839.0107608,access,6,L1,0.1134,GPU VRAM hit,16,17,2,50.33,53.48,6.29
255,1774895839.018516,evict_l2_to_l3,10,L2→L3,4.5751,,15,16,3,47.19,50.33,9.44
256,1774895839.0186262,evict_l1_to_l2,26,L1→L2,2.4124,,15,17,3,47.19,53.48,9.44
257,1774895839.0188932,access,35,MISS,7.943,Cold recompute,16,17,3,50.33,53.48,9.44
258,1774895839.0275295,evict_l2_to_l3,11,L2→L3,4.2858,,16,16,3,50.33,50.33,9.44
259,1774895839.0276577,prefetch,10,L3→L2,8.2013,,16,17,3,50.33,53.48,9.44
260,1774895839.0284579,access,0,L1,0.4016,GPU VRAM hit,16,17,3,50.33,53.48,9.44
261,1774895839.028842,access,1,L1,0.1608,GPU VRAM hit,16,17,3,50.33,53.48,9.44
262,1774895839.0291238,access,2,L1,0.1239,GPU VRAM hit,16,17,3,50.33,53.48,9.44
263,1774895839.0293882,access,3,L1,0.1157,GPU VRAM hit,16,17,3,50.33,53.48,9.44
264,1774895839.0297086,access,4,L1,0.1191,GPU VRAM hit,16,17,3,50.33,53.48,9.44
265,1774895839.0299973,access,5,L1,0.1146,GPU VRAM hit,16,17,3,50.33,53.48,9.44
266,1774895839.0302556,access,6,L1,0.1128,GPU VRAM hit,16,17,3,50.33,53.48,9.44
267,1774895839.0381117,evict_l2_to_l3,12,L2→L3,4.6294,,15,16,4,47.19,50.33,12.58
268,1774895839.0382552,evict_l1_to_l2,27,L1→L2,2.444,,15,17,4,47.19,53.48,12.58
269,1774895839.038576,access,36,MISS,8.1199,Cold recompute,16,17,4,50.33,53.48,12.58
270,1774895839.0471756,evict_l2_to_l3,13,L2→L3,4.3009,,16,16,4,50.33,50.33,12.58
271,1774895839.047287,prefetch,12,L3→L2,8.1226,,16,17,4,50.33,53.48,12.58
272,1774895839.0551522,evict_l2_to_l3,14,L2→L3,4.2505,,16,16,4,50.33,50.33,12.58
273,1774895839.0552487,prefetch,11,L3→L2,7.9236,,16,17,4,50.33,53.48,12.58
274,1774895839.063374,evict_l2_to_l3,15,L2→L3,4.3513,,16,16,4,50.33,50.33,12.58
275,1774895839.0635257,prefetch,8,L3→L2,8.2396,,16,17,4,50.33,53.48,12.58
276,1774895839.0643373,access,0,L1,0.422,GPU VRAM hit,16,17,4,50.33,53.48,12.58
277,1774895839.0647764,access,1,L1,0.1618,GPU VRAM hit,16,17,4,50.33,53.48,12.58
278,1774895839.0650597,access,2,L1,0.1251,GPU VRAM hit,16,17,4,50.33,53.48,12.58
279,1774895839.0653226,access,3,L1,0.1118,GPU VRAM hit,16,17,4,50.33,53.48,12.58
280,1774895839.0656343,access,4,L1,0.1379,GPU VRAM hit,16,17,4,50.33,53.48,12.58
281,1774895839.0658941,access,5,L1,0.1178,GPU VRAM hit,16,17,4,50.33,53.48,12.58
282,1774895839.0661514,access,6,L1,0.1149,GPU VRAM hit,16,17,4,50.33,53.48,12.58
283,1774895839.0740867,evict_l2_to_l3,16,L2→L3,4.648,,15,16,5,47.19,50.33,15.73
284,1774895839.0742166,evict_l1_to_l2,28,L1→L2,2.4736,,15,17,5,47.19,53.48,15.73
285,1774895839.0745554,access,37,MISS,8.2075,Cold recompute,16,17,5,50.33,53.48,15.73
286,1774895839.0830097,evict_l2_to_l3,17,L2→L3,4.1931,,16,16,5,50.33,50.33,15.73
287,1774895839.0831172,prefetch,16,L3→L2,7.9358,,16,17,5,50.33,53.48,15.73
288,1774895839.0911942,evict_l2_to_l3,18,L2→L3,4.3322,,16,16,5,50.33,50.33,15.73
289,1774895839.091298,prefetch,14,L3→L2,8.1372,,16,17,5,50.33,53.48,15.73
290,1774895839.0921462,access,0,L1,0.4212,GPU VRAM hit,16,17,5,50.33,53.48,15.73
291,1774895839.092523,access,1,L1,0.1749,GPU VRAM hit,16,17,5,50.33,53.48,15.73
292,1774895839.0928125,access,2,L1,0.129,GPU VRAM hit,16,17,5,50.33,53.48,15.73
293,1774895839.0930831,access,3,L1,0.117,GPU VRAM hit,16,17,5,50.33,53.48,15.73
294,1774895839.0934193,access,4,L1,0.1478,GPU VRAM hit,16,17,5,50.33,53.48,15.73
295,1774895839.0937262,access,5,L1,0.1267,GPU VRAM hit,16,17,5,50.33,53.48,15.73
296,1774895839.0939867,access,6,L1,0.1139,GPU VRAM hit,16,17,5,50.33,53.48,15.73
297,1774895839.1017241,evict_l2_to_l3,19,L2→L3,4.5057,,15,16,6,47.19,50.33,18.87
298,1774895839.1018376,evict_l1_to_l2,29,L1→L2,2.4717,,15,17,6,47.19,53.48,18.87
299,1774895839.102115,access,38,MISS,7.936,Cold recompute,16,17,6,50.33,53.48,18.87
300,1774895839.1108055,evict_l2_to_l3,20,L2→L3,4.2181,,16,16,6,50.33,50.33,18.87
301,1774895839.1109228,prefetch,19,L3→L2,8.1086,,16,17,6,50.33,53.48,18.87
302,1774895839.1187305,evict_l2_to_l3,21,L2→L3,4.2584,,16,16,6,50.33,50.33,18.87
303,1774895839.1188276,prefetch,18,L3→L2,7.8624,,16,17,6,50.33,53.48,18.87
304,1774895839.1266336,evict_l2_to_l3,22,L2→L3,4.2746,,16,16,6,50.33,50.33,18.87
305,1774895839.1267645,prefetch,17,L3→L2,7.8968,,16,17,6,50.33,53.48,18.87
306,1774895839.1345568,evict_l2_to_l3,23,L2→L3,4.3021,,16,16,6,50.33,50.33,18.87
307,1774895839.1346478,prefetch,15,L3→L2,7.8474,,16,17,6,50.33,53.48,18.87
308,1774895839.1425486,evict_l2_to_l3,24,L2→L3,4.3382,,16,16,6,50.33,50.33,18.87
309,1774895839.1426444,prefetch,13,L3→L2,7.9627,,16,17,6,50.33,53.48,18.87
310,1774895839.1505234,evict_l2_to_l3,7,L2→L3,4.3061,,16,16,6,50.33,50.33,18.87
311,1774895839.1506164,prefetch,9,L3→L2,7.9321,,16,17,6,50.33,53.48,18.87
312,1774895839.1516132,access,0,L1,0.4532,GPU VRAM hit,16,17,6,50.33,53.48,18.87
313,1774895839.152016,access,1,L1,0.1763,GPU VRAM hit,16,17,6,50.33,53.48,18.87
314,1774895839.152321,access,2,L1,0.1311,GPU VRAM hit,16,17,6,50.33,53.48,18.87
315,1774895839.1526973,access,3,L1,0.1322,GPU VRAM hit,16,17,6,50.33,53.48,18.87
316,1774895839.1529777,access,4,L1,0.1199,GPU VRAM hit,16,17,6,50.33,53.48,18.87
317,1774895839.1533053,access,5,L1,0.1247,GPU VRAM hit,16,17,6,50.33,53.48,18.87
318,1774895839.1536255,access,6,L1,0.1516,GPU VRAM hit,16,17,6,50.33,53.48,18.87
319,1774895839.1616569,evict_l2_to_l3,25,L2→L3,4.612,,15,16,7,47.19,50.33,22.02
320,1774895839.1617832,evict_l1_to_l2,30,L1→L2,2.5426,,15,17,7,47.19,53.48,22.02
321,1774895839.1620815,access,39,MISS,8.2519,Cold recompute,16,17,7,50.33,53.48,22.02
322,1774895839.171209,evict_l2_to_l3,26,L2→L3,4.5663,,16,16,7,50.33,50.33,22.02
323,1774895839.1713467,prefetch,7,L3→L2,8.6133,,16,17,7,50.33,53.48,22.02
324,1774895839.179655,evict_l2_to_l3,10,L2→L3,4.4447,,16,16,7,50.33,50.33,22.02
325,1774895839.1797612,prefetch,22,L3→L2,8.3011,,16,17,7,50.33,53.48,22.02
326,1774895839.180626,access,0,L1,0.4279,GPU VRAM hit,16,17,7,50.33,53.48,22.02
327,1774895839.1809857,access,1,L1,0.1577,GPU VRAM hit,16,17,7,50.33,53.48,22.02
328,1774895839.1812632,access,2,L1,0.1208,GPU VRAM hit,16,17,7,50.33,53.48,22.02
329,1774895839.1815693,access,3,L1,0.1567,GPU VRAM hit,16,17,7,50.33,53.48,22.02
330,1774895839.1818414,access,4,L1,0.1168,GPU VRAM hit,16,17,7,50.33,53.48,22.02
331,1774895839.182099,access,5,L1,0.1147,GPU VRAM hit,16,17,7,50.33,53.48,22.02
332,1774895839.1824281,access,6,L1,0.1617,GPU VRAM hit,16,17,7,50.33,53.48,22.02
333,1774895839.1903596,evict_l2_to_l3,27,L2→L3,4.5405,,15,16,8,47.19,50.33,25.17
334,1774895839.1905453,evict_l1_to_l2,31,L1→L2,2.5222,,15,17,8,47.19,53.48,25.17
335,1774895839.190835,access,40,MISS,8.1769,Cold recompute,16,17,8,50.33,53.48,25.17
336,1774895839.1996403,evict_l2_to_l3,12,L2→L3,4.394,,16,16,8,50.33,50.33,25.17
337,1774895839.1997576,prefetch,10,L3→L2,8.273,,16,17,8,50.33,53.48,25.17
338,1774895839.2078311,evict_l2_to_l3,11,L2→L3,4.4295,,16,16,8,50.33,50.33,25.17
339,1774895839.207932,prefetch,26,L3→L2,8.1343,,16,17,8,50.33,53.48,25.17
340,1774895839.215866,evict_l2_to_l3,8,L2→L3,4.3662,,16,16,8,50.33,50.33,25.17
341,1774895839.21596,prefetch,24,L3→L2,7.9911,,16,17,8,50.33,53.48,25.17
342,1774895839.216851,access,0,L1,0.471,GPU VRAM hit,16,17,8,50.33,53.48,25.17
343,1774895839.2172744,access,1,L1,0.172,GPU VRAM hit,16,17,8,50.33,53.48,25.17
344,1774895839.2176332,access,2,L1,0.1782,GPU VRAM hit,16,17,8,50.33,53.48,25.17
345,1774895839.217911,access,3,L1,0.1219,GPU VRAM hit,16,17,8,50.33,53.48,25.17
346,1774895839.218176,access,4,L1,0.1179,GPU VRAM hit,16,17,8,50.33,53.48,25.17
347,1774895839.2185104,access,5,L1,0.1143,GPU VRAM hit,16,17,8,50.33,53.48,25.17
348,1774895839.2187831,access,6,L1,0.1221,GPU VRAM hit,16,17,8,50.33,53.48,25.17
349,1774895839.2265675,evict_l2_to_l3,28,L2→L3,4.5078,,15,16,9,47.19,50.33,28.31
350,1774895839.226688,evict_l1_to_l2,32,L1→L2,2.4454,,15,17,9,47.19,53.48,28.31
351,1774895839.2269776,access,41,MISS,7.9963,Cold recompute,16,17,9,50.33,53.48,28.31
352,1774895839.2358942,evict_l2_to_l3,16,L2→L3,4.4038,,16,16,9,50.33,50.33,28.31
353,1774895839.2360086,prefetch,11,L3→L2,8.3587,,16,17,9,50.33,53.48,28.31
354,1774895839.244051,evict_l2_to_l3,14,L2→L3,4.3245,,16,16,9,50.33,50.33,28.31
355,1774895839.244152,prefetch,27,L3→L2,8.0982,,16,17,9,50.33,53.48,28.31
356,1774895839.252381,evict_l2_to_l3,29,L2→L3,4.3984,,16,16,9,50.33,50.33,28.31
357,1774895839.2525427,prefetch,25,L3→L2,8.3539,,16,17,9,50.33,53.48,28.31
358,1774895839.2605662,evict_l2_to_l3,19,L2→L3,4.373,,16,16,9,50.33,50.33,28.31
359,1774895839.2606745,prefetch,21,L3→L2,8.0921,,16,17,9,50.33,53.48,28.31
360,1774895839.2686148,evict_l2_to_l3,18,L2→L3,4.387,,16,16,9,50.33,50.33,28.31
361,1774895839.2687173,prefetch,20,L3→L2,8.0068,,16,17,9,50.33,53.48,28.31
362,1774895839.2696748,access,0,L1,0.4431,GPU VRAM hit,16,17,9,50.33,53.48,28.31
363,1774895839.2700613,access,1,L1,0.171,GPU VRAM hit,16,17,9,50.33,53.48,28.31
364,1774895839.2703736,access,2,L1,0.126,GPU VRAM hit,16,17,9,50.33,53.48,28.31
365,1774895839.2707336,access,3,L1,0.1323,GPU VRAM hit,16,17,9,50.33,53.48,28.31
366,1774895839.271066,access,4,L1,0.1616,GPU VRAM hit,16,17,9,50.33,53.48,28.31
367,1774895839.271333,access,5,L1,0.1198,GPU VRAM hit,16,17,9,50.33,53.48,28.31
368,1774895839.2716436,access,6,L1,0.1207,GPU VRAM hit,16,17,9,50.33,53.48,28.31
369,1774895839.2794821,evict_l2_to_l3,17,L2→L3,4.5219,,15,16,10,47.19,50.33,31.46
370,1774895839.2795968,evict_l1_to_l2,33,L1→L2,2.4984,,15,17,10,47.19,53.48,31.46
371,1774895839.279888,access,42,MISS,8.0437,Cold recompute,16,17,10,50.33,53.48,31.46
372,1774895839.2885108,evict_l2_to_l3,15,L2→L3,4.259,,16,16,10,50.33,50.33,31.46
373,1774895839.2886188,prefetch,17,L3→L2,8.0468,,16,17,10,50.33,53.48,31.46
374,1774895839.296653,evict_l2_to_l3,13,L2→L3,4.3789,,16,16,10,50.33,50.33,31.46
375,1774895839.2967525,prefetch,8,L3→L2,8.0923,,16,17,10,50.33,53.48,31.46
376,1774895839.3046591,evict_l2_to_l3,9,L2→L3,4.3054,,16,16,10,50.33,50.33,31.46
377,1774895839.3047512,prefetch,12,L3→L2,7.9641,,16,17,10,50.33,53.48,31.46
378,1774895839.3126526,evict_l2_to_l3,30,L2→L3,4.3264,,16,16,10,50.33,50.33,31.46
379,1774895839.3127468,prefetch,23,L3→L2,7.9621,,16,17,10,50.33,53.48,31.46
380,1774895839.313654,access,0,L1,0.4413,GPU VRAM hit,16,17,10,50.33,53.48,31.46
381,1774895839.3140738,access,1,L1,0.171,GPU VRAM hit,16,17,10,50.33,53.48,31.46
382,1774895839.3143651,access,2,L1,0.1239,GPU VRAM hit,16,17,10,50.33,53.48,31.46
383,1774895839.3146992,access,3,L1,0.1211,GPU VRAM hit,16,17,10,50.33,53.48,31.46
384,1774895839.314966,access,4,L1,0.1149,GPU VRAM hit,16,17,10,50.33,53.48,31.46
385,1774895839.3152218,access,5,L1,0.1116,GPU VRAM hit,16,17,10,50.33,53.48,31.46
386,1774895839.3155274,access,6,L1,0.1446,GPU VRAM hit,16,17,10,50.33,53.48,31.46
387,1774895839.3233438,evict_l2_to_l3,7,L2→L3,4.499,,15,16,11,47.19,50.33,34.6
388,1774895839.3234816,evict_l1_to_l2,34,L1→L2,2.527,,15,17,11,47.19,53.48,34.6
389,1774895839.3237734,access,43,MISS,8.0408,Cold recompute,16,17,11,50.33,53.48,34.6
390,1774895839.332948,evict_l2_to_l3,22,L2→L3,4.5123,,16,16,11,50.33,50.33,34.6
391,1774895839.3330765,prefetch,30,L3→L2,8.6404,,16,17,11,50.33,53.48,34.6
392,1774895839.3410378,evict_l2_to_l3,31,L2→L3,4.2983,,16,16,11,50.33,50.33,34.6
393,1774895839.34114,prefetch,9,L3→L2,8.0209,,16,17,11,50.33,53.48,34.6
394,1774895839.3490942,evict_l2_to_l3,10,L2→L3,4.3295,,16,16,11,50.33,50.33,34.6
395,1774895839.3491914,prefetch,18,L3→L2,8.0122,,16,17,11,50.33,53.48,34.6
396,1774895839.3569775,evict_l2_to_l3,26,L2→L3,4.2191,,16,16,11,50.33,50.33,34.6
397,1774895839.3570647,prefetch,19,L3→L2,7.839,,16,17,11,50.33,53.48,34.6
398,1774895839.358024,access,0,L1,0.4281,GPU VRAM hit,16,17,11,50.33,53.48,34.6
399,1774895839.3584394,access,1,L1,0.1658,GPU VRAM hit,16,17,11,50.33,53.48,34.6
400,1774895839.358814,access,2,L1,0.1475,GPU VRAM hit,16,17,11,50.33,53.48,34.6
401,1774895839.3590887,access,3,L1,0.1189,GPU VRAM hit,16,17,11,50.33,53.48,34.6
402,1774895839.359359,access,4,L1,0.1176,GPU VRAM hit,16,17,11,50.33,53.48,34.6
403,1774895839.3597026,access,5,L1,0.126,GPU VRAM hit,16,17,11,50.33,53.48,34.6
404,1774895839.359966,access,6,L1,0.1127,GPU VRAM hit,16,17,11,50.33,53.48,34.6
405,1774895839.3677897,evict_l2_to_l3,24,L2→L3,4.5598,,15,16,12,47.19,50.33,37.75
406,1774895839.3679094,evict_l1_to_l2,35,L1→L2,2.4808,,15,17,12,47.19,53.48,37.75
407,1774895839.368208,access,44,MISS,8.0391,Cold recompute,16,17,12,50.33,53.48,37.75
408,1774895839.3771827,evict_l2_to_l3,32,L2→L3,4.6277,,16,16,12,50.33,50.33,37.75
409,1774895839.377366,prefetch,24,L3→L2,8.513,,16,17,12,50.33,53.48,37.75
410,1774895839.3874848,evict_l2_to_l3,11,L2→L3,5.3468,,16,16,12,50.33,50.33,37.75
411,1774895839.387646,prefetch,26,L3→L2,10.1958,,16,17,12,50.33,53.48,37.75
412,1774895839.397558,evict_l2_to_l3,27,L2→L3,5.2627,,16,16,12,50.33,50.33,37.75
413,1774895839.3977475,prefetch,10,L3→L2,10.0552,,16,17,12,50.33,53.48,37.75
414,1774895839.4062192,evict_l2_to_l3,25,L2→L3,4.391,,16,16,12,50.33,50.33,37.75
415,1774895839.4063375,prefetch,31,L3→L2,8.5303,,16,17,12,50.33,53.48,37.75
416,1774895839.4147754,evict_l2_to_l3,21,L2→L3,4.5751,,16,16,12,50.33,50.33,37.75
417,1774895839.4149487,prefetch,7,L3→L2,8.5671,,16,17,12,50.33,53.48,37.75
418,1774895839.4250593,evict_l2_to_l3,20,L2→L3,5.2075,,16,16,12,50.33,50.33,37.75
419,1774895839.4252427,prefetch,15,L3→L2,10.2377,,16,17,12,50.33,53.48,37.75
420,1774895839.4336042,evict_l2_to_l3,33,L2→L3,4.4537,,16,16,12,50.33,50.33,37.75
421,1774895839.4337153,prefetch,29,L3→L2,8.4261,,16,17,12,50.33,53.48,37.75
422,1774895839.4416225,evict_l2_to_l3,17,L2→L3,4.3198,,16,16,12,50.33,50.33,37.75
423,1774895839.4417412,prefetch,16,L3→L2,7.9866,,16,17,12,50.33,53.48,37.75
424,1774895839.4495595,evict_l2_to_l3,8,L2→L3,4.2745,,16,16,12,50.33,50.33,37.75
425,1774895839.449651,prefetch,28,L3→L2,7.8727,,16,17,12,50.33,53.48,37.75
426,1774895839.4506207,access,0,L1,0.4521,GPU VRAM hit,16,17,12,50.33,53.48,37.75
427,1774895839.4510312,access,1,L1,0.1773,GPU VRAM hit,16,17,12,50.33,53.48,37.75
428,1774895839.4513211,access,2,L1,0.1269,GPU VRAM hit,16,17,12,50.33,53.48,37.75
429,1774895839.4516687,access,3,L1,0.1229,GPU VRAM hit,16,17,12,50.33,53.48,37.75
430,1774895839.4519415,access,4,L1,0.1157,GPU VRAM hit,16,17,12,50.33,53.48,37.75
431,1774895839.4522028,access,5,L1,0.1134,GPU VRAM hit,16,17,12,50.33,53.48,37.75
432,1774895839.4524999,access,6,L1,0.1353,GPU VRAM hit,16,17,12,50.33,53.48,37.75
433,1774895839.4604983,evict_l2_to_l3,12,L2→L3,4.6001,,15,16,13,47.19,50.33,40.89
434,1774895839.4606159,evict_l1_to_l2,36,L1→L2,2.4621,,15,17,13,47.19,53.48,40.89
435,1774895839.4609263,access,45,MISS,8.2183,Cold recompute,16,17,13,50.33,53.48,40.89
436,1774895839.4696097,evict_l2_to_l3,23,L2→L3,4.3369,,16,16,13,50.33,50.33,40.89
437,1774895839.4697206,prefetch,12,L3→L2,8.1224,,16,17,13,50.33,53.48,40.89
438,1774895839.4777958,evict_l2_to_l3,34,L2→L3,4.3272,,16,16,13,50.33,50.33,40.89
439,1774895839.4778981,prefetch,17,L3→L2,8.1116,,16,17,13,50.33,53.48,40.89
440,1774895839.4856744,evict_l2_to_l3,30,L2→L3,4.2275,,16,16,13,50.33,50.33,40.89
441,1774895839.4857662,prefetch,33,L3→L2,7.831,,16,17,13,50.33,53.48,40.89
442,1774895839.4935534,evict_l2_to_l3,9,L2→L3,4.2816,,16,16,13,50.33,50.33,40.89
443,1774895839.4936774,prefetch,20,L3→L2,7.8767,,16,17,13,50.33,53.48,40.89
444,1774895839.5017178,evict_l2_to_l3,18,L2→L3,4.3809,,16,16,13,50.33,50.33,40.89
445,1774895839.5018308,prefetch,27,L3→L2,8.1176,,16,17,13,50.33,53.48,40.89
446,1774895839.5096297,evict_l2_to_l3,19,L2→L3,4.2651,,16,16,13,50.33,50.33,40.89
447,1774895839.5097218,prefetch,11,L3→L2,7.8549,,16,17,13,50.33,53.48,40.89
448,1774895839.5175178,evict_l2_to_l3,35,L2→L3,4.2252,,16,16,13,50.33,50.33,40.89
449,1774895839.517602,prefetch,32,L3→L2,7.8169,,16,17,13,50.33,53.48,40.89
450,1774895839.518575,access,0,L1,0.4289,GPU VRAM hit,16,17,13,50.33,53.48,40.89
451,1774895839.5189972,access,1,L1,0.1812,GPU VRAM hit,16,17,13,50.33,53.48,40.89
452,1774895839.519296,access,2,L1,0.1269,GPU VRAM hit,16,17,13,50.33,53.48,40.89
453,1774895839.5195858,access,3,L1,0.1371,GPU VRAM hit,16,17,13,50.33,53.48,40.89
454,1774895839.5198534,access,4,L1,0.1146,GPU VRAM hit,16,17,13,50.33,53.48,40.89
455,1774895839.5201132,access,5,L1,0.1137,GPU VRAM hit,16,17,13,50.33,53.48,40.89
456,1774895839.5203738,access,6,L1,0.1135,GPU VRAM hit,16,17,13,50.33,53.48,40.89
457,1774895839.528077,evict_l2_to_l3,24,L2→L3,4.452,,15,16,14,47.19,50.33,44.04
458,1774895839.5282178,evict_l1_to_l2,37,L1→L2,2.454,,15,17,14,47.19,53.48,44.04
459,1774895839.5285344,access,46,MISS,7.9464,Cold recompute,16,17,14,50.33,53.48,44.04
460,1774895839.5369656,evict_l2_to_l3,26,L2→L3,4.2085,,16,16,14,50.33,50.33,44.04
461,1774895839.5370648,prefetch,35,L3→L2,7.902,,16,17,14,50.33,53.48,44.04
462,1774895839.5455606,evict_l2_to_l3,10,L2→L3,4.7215,,16,16,14,50.33,50.33,44.04
463,1774895839.5457876,prefetch,18,L3→L2,8.6809,,16,17,14,50.33,53.48,44.04
464,1774895839.5545452,evict_l2_to_l3,31,L2→L3,4.5392,,16,16,14,50.33,50.33,44.04
465,1774895839.554677,prefetch,30,L3→L2,8.8283,,16,17,14,50.33,53.48,44.04
466,1774895839.5630722,evict_l2_to_l3,7,L2→L3,4.3764,,16,16,14,50.33,50.33,44.04
467,1774895839.5632331,prefetch,23,L3→L2,8.5147,,16,17,14,50.33,53.48,44.04
468,1774895839.57123,evict_l2_to_l3,15,L2→L3,4.2995,,16,16,14,50.33,50.33,44.04
469,1774895839.5713248,prefetch,21,L3→L2,8.0517,,16,17,14,50.33,53.48,44.04
470,1774895839.5791667,evict_l2_to_l3,29,L2→L3,4.2242,,16,16,14,50.33,50.33,44.04
471,1774895839.579257,prefetch,25,L3→L2,7.8952,,16,17,14,50.33,53.48,44.04
472,1774895839.586978,evict_l2_to_l3,16,L2→L3,4.1934,,16,16,14,50.33,50.33,44.04
473,1774895839.5870664,prefetch,22,L3→L2,7.7757,,16,17,14,50.33,53.48,44.04
474,1774895839.59496,evict_l2_to_l3,28,L2→L3,4.2559,,16,16,14,50.33,50.33,44.04
475,1774895839.595049,prefetch,14,L3→L2,7.9492,,16,17,14,50.33,53.48,44.04
476,1774895839.5960152,access,0,L1,0.4374,GPU VRAM hit,16,17,14,50.33,53.48,44.04
477,1774895839.5965085,access,1,L1,0.1668,GPU VRAM hit,16,17,14,50.33,53.48,44.04
478,1774895839.5968368,access,2,L1,0.1362,GPU VRAM hit,16,17,14,50.33,53.48,44.04
479,1774895839.59711,access,3,L1,0.119,GPU VRAM hit,16,17,14,50.33,53.48,44.04
480,1774895839.597378,access,4,L1,0.1177,GPU VRAM hit,16,17,14,50.33,53.48,44.04
481,1774895839.597662,access,5,L1,0.1167,GPU VRAM hit,16,17,14,50.33,53.48,44.04
482,1774895839.5979178,access,6,L1,0.1096,GPU VRAM hit,16,17,14,50.33,53.48,44.04
483,1774895839.6057625,evict_l2_to_l3,36,L2→L3,4.5731,,15,16,15,47.19,50.33,47.19
484,1774895839.6059105,evict_l1_to_l2,38,L1→L2,2.4453,,15,17,15,47.19,53.48,47.19
485,1774895839.6061957,access,47,MISS,8.0809,Cold recompute,16,17,15,50.33,53.48,47.19
486,1774895839.614843,evict_l2_to_l3,12,L2→L3,4.2317,,16,16,15,50.33,50.33,47.19
487,1774895839.6149535,prefetch,36,L3→L2,8.0825,,16,17,15,50.33,53.48,47.19
488,1774895839.6228447,evict_l2_to_l3,17,L2→L3,4.2775,,16,16,15,50.33,50.33,47.19
489,1774895839.6229382,prefetch,15,L3→L2,7.9438,,16,17,15,50.33,53.48,47.19
490,1774895839.6306643,evict_l2_to_l3,33,L2→L3,4.2282,,16,16,15,50.33,50.33,47.19
491,1774895839.6307545,prefetch,26,L3→L2,7.7772,,16,17,15,50.33,53.48,47.19
492,1774895839.6385276,evict_l2_to_l3,20,L2→L3,4.2748,,16,16,15,50.33,50.33,47.19
493,1774895839.6386156,prefetch,13,L3→L2,7.8258,,16,17,15,50.33,53.48,47.19
494,1774895839.639471,access,0,L1,0.4238,GPU VRAM hit,16,17,15,50.33,53.48,47.19
495,1774895839.6398275,access,1,L1,0.1547,GPU VRAM hit,16,17,15,50.33,53.48,47.19
496,1774895839.64015,access,2,L1,0.128,GPU VRAM hit,16,17,15,50.33,53.48,47.19
497,1774895839.640446,access,3,L1,0.1177,GPU VRAM hit,16,17,15,50.33,53.48,47.19
498,1774895839.6407502,access,4,L1,0.126,GPU VRAM hit,16,17,15,50.33,53.48,47.19
499,1774895839.6410127,access,5,L1,0.1157,GPU VRAM hit,16,17,15,50.33,53.48,47.19
500,1774895839.6412709,access,6,L1,0.113,GPU VRAM hit,16,17,15,50.33,53.48,47.19
501,1774895839.6490638,evict_l2_to_l3,27,L2→L3,4.5186,,15,16,16,47.19,50.33,50.33
502,1774895839.649174,evict_l1_to_l2,39,L1→L2,2.4824,,15,17,16,47.19,53.48,50.33
503,1774895839.6495066,access,48,MISS,8.0126,Cold recompute,16,17,16,50.33,53.48,50.33
504,1774895839.6579232,evict_l2_to_l3,11,L2→L3,4.1604,,16,16,16,50.33,50.33,50.33
505,1774895839.6580515,prefetch,27,L3→L2,7.9151,,16,17,16,50.33,53.48,50.33
506,1774895839.6657848,evict_l2_to_l3,32,L2→L3,4.1831,,16,16,16,50.33,50.33,50.33
507,1774895839.6658714,prefetch,33,L3→L2,7.7807,,16,17,16,50.33,53.48,50.33
508,1774895839.6738312,evict_l2_to_l3,37,L2→L3,4.4277,,16,16,16,50.33,50.33,50.33
509,1774895839.6739366,prefetch,17,L3→L2,8.0299,,16,17,16,50.33,53.48,50.33
510,1774895839.6818821,evict_l2_to_l3,35,L2→L3,4.3031,,16,16,16,50.33,50.33,50.33
511,1774895839.6819851,prefetch,28,L3→L2,7.9962,,16,17,16,50.33,53.48,50.33
512,1774895839.6897256,evict_l2_to_l3,18,L2→L3,4.2422,,16,16,16,50.33,50.33,50.33
513,1774895839.6898146,prefetch,16,L3→L2,7.7966,,16,17,16,50.33,53.48,50.33
514,1774895839.6974916,evict_l2_to_l3,30,L2→L3,4.2026,,16,16,16,50.33,50.33,50.33
515,1774895839.6976147,prefetch,7,L3→L2,7.7658,,16,17,16,50.33,53.48,50.33
516,1774895839.7054472,evict_l2_to_l3,23,L2→L3,4.2563,,16,16,16,50.33,50.33,50.33
517,1774895839.705537,prefetch,31,L3→L2,7.8898,,16,17,16,50.33,53.48,50.33
518,1774895839.713438,evict_l2_to_l3,21,L2→L3,4.3582,,16,16,16,50.33,50.33,50.33
519,1774895839.713551,prefetch,19,L3→L2,7.9775,,16,17,16,50.33,53.48,50.33
520,1774895839.7233143,evict_l2_to_l3,25,L2→L3,5.6386,,16,16,16,50.33,50.33,50.33
521,1774895839.7235627,prefetch,34,L3→L2,9.9717,,16,17,16,50.33,53.48,50.33
522,1774895839.724919,access,0,L1,0.6684,GPU VRAM hit,16,17,16,50.33,53.48,50.33
523,1774895839.725748,access,1,L1,0.4209,GPU VRAM hit,16,17,16,50.33,53.48,50.33
524,1774895839.7263803,access,2,L1,0.2936,GPU VRAM hit,16,17,16,50.33,53.48,50.33
525,1774895839.726806,access,3,L1,0.1641,GPU VRAM hit,16,17,16,50.33,53.48,50.33
526,1774895839.7270968,access,4,L1,0.128,GPU VRAM hit,16,17,16,50.33,53.48,50.33
527,1774895839.7275372,access,5,L1,0.2089,GPU VRAM hit,16,17,16,50.33,53.48,50.33
528,1774895839.72801,access,6,L1,0.2304,GPU VRAM hit,16,17,16,50.33,53.48,50.33
529,1774895839.7364473,evict_l2_to_l3,22,L2→L3,5.0091,,15,16,17,47.19,50.33,53.48
530,1774895839.7366002,evict_l1_to_l2,40,L1→L2,2.4288,,15,17,17,47.19,53.48,53.48
531,1774895839.7370017,access,49,MISS,8.7455,Cold recompute,16,17,17,50.33,53.48,53.48
532,1774895839.7460415,evict_l2_to_l3,14,L2→L3,4.3713,,16,16,17,50.33,50.33,53.48
533,1774895839.7461596,prefetch,25,L3→L2,8.4802,,16,17,17,50.33,53.48,53.48
534,1774895839.7546859,evict_l2_to_l3,38,L2→L3,4.4442,,16,16,17,50.33,50.33,53.48
535,1774895839.7548034,prefetch,21,L3→L2,8.575,,16,17,17,50.33,53.48,53.48
536,1774895839.763108,evict_l2_to_l3,36,L2→L3,4.3946,,16,16,17,50.33,50.33,53.48
537,1774895839.7632275,prefetch,23,L3→L2,8.3839,,16,17,17,50.33,53.48,53.48
538,1774895839.7715104,evict_l2_to_l3,15,L2→L3,4.5602,,16,16,17,50.33,50.33,53.48
539,1774895839.7716298,prefetch,30,L3→L2,8.3636,,16,17,17,50.33,53.48,53.48
540,1774895839.779837,evict_l2_to_l3,26,L2→L3,4.4376,,16,16,17,50.33,50.33,53.48
541,1774895839.7799454,prefetch,11,L3→L2,8.2761,,16,17,17,50.33,53.48,53.48
542,1774895839.7879574,evict_l2_to_l3,13,L2→L3,4.3198,,16,16,17,50.33,50.33,53.48
543,1774895839.788065,prefetch,20,L3→L2,8.0814,,16,17,17,50.33,53.48,53.48
544,1774895839.7979865,evict_l2_to_l3,39,L2→L3,5.4102,,16,16,17,50.33,50.33,53.48
545,1774895839.7981558,prefetch,29,L3→L2,10.0071,,16,17,17,50.33,53.48,53.48
546,1774895839.807016,evict_l2_to_l3,27,L2→L3,4.5857,,16,16,17,50.33,50.33,53.48
547,1774895839.8071501,prefetch,24,L3→L2,8.9348,,16,17,17,50.33,53.48,53.48
548,1774895839.808125,access,0,L1,0.4388,GPU VRAM hit,16,17,17,50.33,53.48,53.48
549,1774895839.8085616,access,1,L1,0.1976,GPU VRAM hit,16,17,17,50.33,53.48,53.48
550,1774895839.8090177,access,2,L1,0.2038,GPU VRAM hit,16,17,17,50.33,53.48,53.48
551,1774895839.8094656,access,3,L1,0.1709,GPU VRAM hit,16,17,17,50.33,53.48,53.48
552,1774895839.8098226,access,4,L1,0.1441,GPU VRAM hit,16,17,17,50.33,53.48,53.48
553,1774895839.810094,access,5,L1,0.1196,GPU VRAM hit,16,17,17,50.33,53.48,53.48
554,1774895839.8103893,access,6,L1,0.1157,GPU VRAM hit,16,17,17,50.33,53.48,53.48
555,1774895839.8189993,evict_l2_to_l3,33,L2→L3,5.0921,,15,16,18,47.19,50.33,56.62
556,1774895839.8191576,evict_l1_to_l2,41,L1→L2,2.4612,,15,17,18,47.19,53.48,56.62
557,1774895839.8195446,access,50,MISS,8.8597,Cold recompute,16,17,18,50.33,53.48,56.62
558,1774895839.8289342,evict_l2_to_l3,17,L2→L3,4.5634,,16,16,18,50.33,50.33,56.62
559,1774895839.829064,prefetch,26,L3→L2,8.8469,,16,17,18,50.33,53.48,56.62
560,1774895839.837316,evict_l2_to_l3,28,L2→L3,4.4629,,16,16,18,50.33,50.33,56.62
561,1774895839.8374567,prefetch,36,L3→L2,8.3498,,16,17,18,50.33,53.48,56.62
562,1774895839.8454988,evict_l2_to_l3,16,L2→L3,4.3851,,16,16,18,50.33,50.33,56.62
563,1774895839.8456342,prefetch,22,L3→L2,8.1354,,16,17,18,50.33,53.48,56.62
564,1774895839.8537486,evict_l2_to_l3,7,L2→L3,4.418,,16,16,18,50.33,50.33,56.62
565,1774895839.8538563,prefetch,18,L3→L2,8.1832,,16,17,18,50.33,53.48,56.62
566,1774895839.8618104,evict_l2_to_l3,31,L2→L3,4.3952,,16,16,18,50.33,50.33,56.62
567,1774895839.8619087,prefetch,35,L3→L2,8.0162,,16,17,18,50.33,53.48,56.62
568,1774895839.8697867,evict_l2_to_l3,19,L2→L3,4.3254,,16,16,18,50.33,50.33,56.62
569,1774895839.8698773,prefetch,37,L3→L2,7.9317,,16,17,18,50.33,53.48,56.62
570,1774895839.8708417,access,0,L1,0.4864,GPU VRAM hit,16,17,18,50.33,53.48,56.62
571,1774895839.871237,access,1,L1,0.1672,GPU VRAM hit,16,17,18,50.33,53.48,56.62
572,1774895839.8716044,access,2,L1,0.1938,GPU VRAM hit,16,17,18,50.33,53.48,56.62
573,1774895839.871921,access,3,L1,0.1279,GPU VRAM hit,16,17,18,50.33,53.48,56.62
574,1774895839.872226,access,4,L1,0.1252,GPU VRAM hit,16,17,18,50.33,53.48,56.62
575,1774895839.8725588,access,5,L1,0.1475,GPU VRAM hit,16,17,18,50.33,53.48,56.62
576,1774895839.8728182,access,6,L1,0.1137,GPU VRAM hit,16,17,18,50.33,53.48,56.62
577,1774895839.8809752,evict_l2_to_l3,34,L2→L3,4.7666,,15,16,19,47.19,50.33,59.77
578,1774895839.8811464,evict_l1_to_l2,42,L1→L2,2.5009,,15,17,19,47.19,53.48,59.77
579,1774895839.88162,access,51,MISS,8.5514,Cold recompute,16,17,19,50.33,53.48,59.77
580,1774895839.8928916,evict_l2_to_l3,40,L2→L3,5.4773,,16,16,19,50.33,50.33,59.77
581,1774895839.8931046,prefetch,34,L3→L2,10.7162,,16,17,19,50.33,53.48,59.77
582,1774895839.904038,evict_l2_to_l3,25,L2→L3,5.6632,,16,16,19,50.33,50.33,59.77
583,1774895839.904239,prefetch,19,L3→L2,11.0293,,16,17,19,50.33,53.48,59.77
584,1774895839.9136,evict_l2_to_l3,21,L2→L3,5.0707,,16,16,19,50.33,50.33,59.77
585,1774895839.9138045,prefetch,31,L3→L2,9.5149,,16,17,19,50.33,53.48,59.77
586,1774895839.924471,evict_l2_to_l3,23,L2→L3,5.4276,,16,16,19,50.33,50.33,59.77
587,1774895839.9246802,prefetch,7,L3→L2,10.8137,,16,17,19,50.33,53.48,59.77
588,1774895839.934855,evict_l2_to_l3,30,L2→L3,5.4418,,16,16,19,50.33,50.33,59.77
589,1774895839.935037,prefetch,27,L3→L2,10.2895,,16,17,19,50.33,53.48,59.77
590,1774895839.945882,evict_l2_to_l3,11,L2→L3,5.6689,,16,16,19,50.33,50.33,59.77
591,1774895839.9460597,prefetch,13,L3→L2,10.9711,,16,17,19,50.33,53.48,59.77
592,1774895839.956764,evict_l2_to_l3,20,L2→L3,5.7588,,16,16,19,50.33,50.33,59.77
593,1774895839.9569876,prefetch,15,L3→L2,10.8469,,16,17,19,50.33,53.48,59.77
594,1774895839.9582303,access,0,L1,0.602,GPU VRAM hit,16,17,19,50.33,53.48,59.77
595,1774895839.9589117,access,1,L1,0.2799,GPU VRAM hit,16,17,19,50.33,53.48,59.77
596,1774895839.9592488,access,2,L1,0.1414,GPU VRAM hit,16,17,19,50.33,53.48,59.77
597,1774895839.9595914,access,3,L1,0.1788,GPU VRAM hit,16,17,19,50.33,53.48,59.77
598,1774895839.9599442,access,4,L1,0.1699,GPU VRAM hit,16,17,19,50.33,53.48,59.77
599,1774895839.9604385,access,5,L1,0.2069,GPU VRAM hit,16,17,19,50.33,53.48,59.77
600,1774895839.960939,access,6,L1,0.2243,GPU VRAM hit,16,17,19,50.33,53.48,59.77
601,1774895839.9704993,evict_l2_to_l3,29,L2→L3,5.6134,,15,16,20,47.19,50.33,62.91
602,1774895839.970732,evict_l1_to_l2,43,L1→L2,2.6267,,15,17,20,47.19,53.48,62.91
603,1774895839.9711943,access,52,MISS,9.9327,Cold recompute,16,17,20,50.33,53.48,62.91
604,1774895839.981339,evict_l2_to_l3,24,L2→L3,4.5897,,16,16,20,50.33,50.33,62.91
605,1774895839.981526,prefetch,29,L3→L2,9.4501,,16,17,20,50.33,53.48,62.91
606,1774895839.9901073,evict_l2_to_l3,41,L2→L3,4.5832,,16,16,20,50.33,50.33,62.91
607,1774895839.9902413,prefetch,17,L3→L2,8.6593,,16,17,20,50.33,53.48,62.91
608,1774895839.9988236,evict_l2_to_l3,26,L2→L3,4.6075,,16,16,20,50.33,50.33,62.91
609,1774895839.9989583,prefetch,39,L3→L2,8.6738,,16,17,20,50.33,53.48,62.91
610,1774895840.0083134,evict_l2_to_l3,36,L2→L3,4.3764,,16,16,20,50.33,50.33,62.91
611,1774895840.0084922,prefetch,38,L3→L2,9.4923,,16,17,20,50.33,53.48,62.91
612,1774895840.0168712,evict_l2_to_l3,22,L2→L3,4.6266,,16,16,20,50.33,50.33,62.91
613,1774895840.0170221,prefetch,14,L3→L2,8.482,,16,17,20,50.33,53.48,62.91
614,1774895840.025273,evict_l2_to_l3,18,L2→L3,4.4331,,16,16,20,50.33,50.33,62.91
615,1774895840.0254464,prefetch,32,L3→L2,8.3792,,16,17,20,50.33,53.48,62.91
616,1774895840.026721,access,0,L1,0.624,GPU VRAM hit,16,17,20,50.33,53.48,62.91
617,1774895840.0275724,access,1,L1,0.384,GPU VRAM hit,16,17,20,50.33,53.48,62.91
618,1774895840.0282617,access,2,L1,0.3451,GPU VRAM hit,16,17,20,50.33,53.48,62.91
619,1774895840.0288668,access,3,L1,0.2755,GPU VRAM hit,16,17,20,50.33,53.48,62.91
620,1774895840.029448,access,4,L1,0.2591,GPU VRAM hit,16,17,20,50.33,53.48,62.91
621,1774895840.03003,access,5,L1,0.2509,GPU VRAM hit,16,17,20,50.33,53.48,62.91
622,1774895840.030603,access,6,L1,0.298,GPU VRAM hit,16,17,20,50.33,53.48,62.91
623,1774895840.0413196,evict_l2_to_l3,35,L2→L3,6.2486,,15,16,21,47.19,50.33,66.06
624,1774895840.0415561,evict_l1_to_l2,44,L1→L2,3.0659,,15,17,21,47.19,53.48,66.06
625,1774895840.0420647,access,53,MISS,11.1093,Cold recompute,16,17,21,50.33,53.48,66.06
626,1774895840.054327,evict_l2_to_l3,37,L2→L3,5.9781,,16,16,21,50.33,50.33,66.06
627,1774895840.0545712,prefetch,35,L3→L2,11.609,,16,17,21,50.33,53.48,66.06
628,1774895840.0660114,evict_l2_to_l3,42,L2→L3,5.9464,,16,16,21,50.33,50.33,66.06
629,1774895840.0662303,prefetch,18,L3→L2,11.5911,,16,17,21,50.33,53.48,66.06
630,1774895840.076642,evict_l2_to_l3,34,L2→L3,4.909,,16,16,21,50.33,50.33,66.06
631,1774895840.076808,prefetch,22,L3→L2,10.4769,,16,17,21,50.33,53.48,66.06
632,1774895840.086848,evict_l2_to_l3,19,L2→L3,5.6873,,16,16,21,50.33,50.33,66.06
633,1774895840.0870736,prefetch,36,L3→L2,10.214,,16,17,21,50.33,53.48,66.06
634,1774895840.0980442,evict_l2_to_l3,31,L2→L3,6.246,,16,16,21,50.33,50.33,66.06
635,1774895840.098276,prefetch,24,L3→L2,11.1292,,16,17,21,50.33,53.48,66.06
636,1774895840.108541,evict_l2_to_l3,7,L2→L3,5.2182,,16,16,21,50.33,50.33,66.06
637,1774895840.1088262,prefetch,11,L3→L2,10.4713,,16,17,21,50.33,53.48,66.06
638,1774895840.1203623,evict_l2_to_l3,27,L2→L3,5.955,,16,16,21,50.33,50.33,66.06
639,1774895840.1206036,prefetch,30,L3→L2,11.6953,,16,17,21,50.33,53.48,66.06
640,1774895840.1318316,evict_l2_to_l3,13,L2→L3,5.7237,,16,16,21,50.33,50.33,66.06
641,1774895840.1320024,prefetch,23,L3→L2,11.3363,,16,17,21,50.33,53.48,66.06
642,1774895840.1416583,evict_l2_to_l3,15,L2→L3,5.1144,,16,16,21,50.33,50.33,66.06
643,1774895840.1418345,prefetch,21,L3→L2,9.7861,,16,17,21,50.33,53.48,66.06
644,1774895840.1512225,evict_l2_to_l3,43,L2→L3,4.879,,16,16,21,50.33,50.33,66.06
645,1774895840.151371,prefetch,16,L3→L2,9.4843,,16,17,21,50.33,53.48,66.06
646,1774895840.1605823,evict_l2_to_l3,29,L2→L3,4.9764,,16,16,21,50.33,50.33,66.06
647,1774895840.1607423,prefetch,28,L3→L2,9.2964,,16,17,21,50.33,53.48,66.06
648,1774895840.161754,access,0,L1,0.4939,GPU VRAM hit,16,17,21,50.33,53.48,66.06
649,1774895840.162314,access,1,L1,0.2676,GPU VRAM hit,16,17,21,50.33,53.48,66.06
650,1774895840.1630225,access,2,L1,0.2877,GPU VRAM hit,16,17,21,50.33,53.48,66.06
651,1774895840.1635306,access,3,L1,0.18,GPU VRAM hit,16,17,21,50.33,53.48,66.06
652,1774895840.1639903,access,4,L1,0.214,GPU VRAM hit,16,17,21,50.33,53.48,66.06
653,1774895840.164512,access,5,L1,0.2181,GPU VRAM hit,16,17,21,50.33,53.48,66.06
654,1774895840.1649733,access,6,L1,0.2242,GPU VRAM hit,16,17,21,50.33,53.48,66.06
655,1774895840.1739361,evict_l2_to_l3,17,L2→L3,5.3023,,15,16,22,47.19,50.33,69.21
656,1774895840.1741316,evict_l1_to_l2,45,L1→L2,2.5549,,15,17,22,47.19,53.48,69.21
657,1774895840.1745572,access,54,MISS,9.2921,Cold recompute,16,17,22,50.33,53.48,69.21
658,1774895840.1838212,evict_l2_to_l3,39,L2→L3,4.6502,,16,16,22,50.33,50.33,69.21
659,1774895840.183991,prefetch,17,L3→L2,8.7813,,16,17,22,50.33,53.48,69.21
660,1774895840.1931694,evict_l2_to_l3,38,L2→L3,5.1463,,16,16,22,50.33,50.33,69.21
661,1774895840.1933498,prefetch,29,L3→L2,9.3117,,16,17,22,50.33,53.48,69.21
662,1774895840.2019694,evict_l2_to_l3,14,L2→L3,4.5539,,16,16,22,50.33,50.33,69.21
663,1774895840.2020965,prefetch,13,L3→L2,8.6552,,16,17,22,50.33,53.48,69.21
664,1774895840.2103505,evict_l2_to_l3,32,L2→L3,4.3783,,16,16,22,50.33,50.33,69.21
665,1774895840.2105029,prefetch,27,L3→L2,8.3324,,16,17,22,50.33,53.48,69.21
666,1774895840.2186759,evict_l2_to_l3,44,L2→L3,4.4088,,16,16,22,50.33,50.33,69.21
667,1774895840.2187867,prefetch,7,L3→L2,8.2449,,16,17,22,50.33,53.48,69.21
668,1774895840.2269444,evict_l2_to_l3,35,L2→L3,4.4807,,16,16,22,50.33,50.33,69.21
669,1774895840.2270875,prefetch,31,L3→L2,8.2634,,16,17,22,50.33,53.48,69.21
670,1774895840.235206,evict_l2_to_l3,18,L2→L3,4.4258,,16,16,22,50.33,50.33,69.21
671,1774895840.2353299,prefetch,19,L3→L2,8.2037,,16,17,22,50.33,53.48,69.21
672,1774895840.243741,evict_l2_to_l3,22,L2→L3,4.5652,,16,16,22,50.33,50.33,69.21
673,1774895840.243883,prefetch,34,L3→L2,8.5156,,16,17,22,50.33,53.48,69.21
674,1774895840.2520912,evict_l2_to_l3,36,L2→L3,4.4511,,16,16,22,50.33,50.33,69.21
675,1774895840.2521996,prefetch,42,L3→L2,8.2673,,16,17,22,50.33,53.48,69.21
676,1774895840.2602882,evict_l2_to_l3,24,L2→L3,4.4123,,16,16,22,50.33,50.33,69.21
677,1774895840.26039,prefetch,26,L3→L2,8.1501,,16,17,22,50.33,53.48,69.21
678,1774895840.2613683,access,0,L1,0.4425,GPU VRAM hit,16,17,22,50.33,53.48,69.21
679,1774895840.2618008,access,1,L1,0.1751,GPU VRAM hit,16,17,22,50.33,53.48,69.21
680,1774895840.2621052,access,2,L1,0.1308,GPU VRAM hit,16,17,22,50.33,53.48,69.21
681,1774895840.262384,access,3,L1,0.1178,GPU VRAM hit,16,17,22,50.33,53.48,69.21
682,1774895840.262727,access,4,L1,0.13,GPU VRAM hit,16,17,22,50.33,53.48,69.21
683,1774895840.2630563,access,5,L1,0.1565,GPU VRAM hit,16,17,22,50.33,53.48,69.21
684,1774895840.2633305,access,6,L1,0.1232,GPU VRAM hit,16,17,22,50.33,53.48,69.21
685,1774895840.2715812,evict_l2_to_l3,11,L2→L3,4.702,,15,16,23,47.19,50.33,72.35
686,1774895840.2717414,evict_l1_to_l2,46,L1→L2,2.5431,,15,17,23,47.19,53.48,72.35
687,1774895840.2720678,access,55,MISS,8.4791,Cold recompute,16,17,23,50.33,53.48,72.35
688,1774895840.2816737,evict_l2_to_l3,30,L2→L3,4.8162,,16,16,23,50.33,50.33,72.35
689,1774895840.2818167,prefetch,24,L3→L2,9.0602,,16,17,23,50.33,53.48,72.35
690,1774895840.2906337,evict_l2_to_l3,23,L2→L3,4.8991,,16,16,23,50.33,50.33,72.35
691,1774895840.290766,prefetch,36,L3→L2,8.9054,,16,17,23,50.33,53.48,72.35
692,1774895840.3010106,evict_l2_to_l3,21,L2→L3,5.5416,,16,16,23,50.33,50.33,72.35
693,1774895840.3012114,prefetch,22,L3→L2,10.3888,,16,17,23,50.33,53.48,72.35
694,1774895840.3115964,evict_l2_to_l3,16,L2→L3,5.4404,,16,16,23,50.33,50.33,72.35
695,1774895840.3117764,prefetch,44,L3→L2,10.4981,,16,17,23,50.33,53.48,72.35
696,1774895840.3217905,evict_l2_to_l3,28,L2→L3,5.0362,,16,16,23,50.33,50.33,72.35
697,1774895840.3219953,prefetch,14,L3→L2,10.1552,,16,17,23,50.33,53.48,72.35
698,1774895840.3312807,evict_l2_to_l3,45,L2→L3,4.6035,,16,16,23,50.33,50.33,72.35
699,1774895840.331483,prefetch,41,L3→L2,9.3761,,16,17,23,50.33,53.48,72.35
700,1774895840.3327324,access,0,L1,0.6281,GPU VRAM hit,16,17,23,50.33,53.48,72.35
701,1774895840.3332243,access,1,L1,0.2253,GPU VRAM hit,16,17,23,50.33,53.48,72.35
702,1774895840.3335872,access,2,L1,0.1843,GPU VRAM hit,16,17,23,50.33,53.48,72.35
703,1774895840.3338854,access,3,L1,0.1341,GPU VRAM hit,16,17,23,50.33,53.48,72.35
704,1774895840.3341522,access,4,L1,0.119,GPU VRAM hit,16,17,23,50.33,53.48,72.35
705,1774895840.3344538,access,5,L1,0.1167,GPU VRAM hit,16,17,23,50.33,53.48,72.35
706,1774895840.3348858,access,6,L1,0.1926,GPU VRAM hit,16,17,23,50.33,53.48,72.35
707,1774895840.3441043,evict_l2_to_l3,17,L2→L3,5.2189,,15,16,24,47.19,50.33,75.5
708,1774895840.3442926,evict_l1_to_l2,47,L1→L2,2.7399,,15,17,24,47.19,53.48,75.5
709,1774895840.344782,access,56,MISS,9.5613,Cold recompute,16,17,24,50.33,53.48,75.5
